-- phpMyAdmin SQL Dump
-- version 5.2.1
-- https://www.phpmyadmin.net/
--
-- Servidor: 127.0.0.1
-- Tiempo de generación: 24-12-2025 a las 18:51:17
-- Versión del servidor: 10.4.32-MariaDB
-- Versión de PHP: 8.2.12

SET SQL_MODE = "NO_AUTO_VALUE_ON_ZERO";
START TRANSACTION;
SET time_zone = "+00:00";


/*!40101 SET @OLD_CHARACTER_SET_CLIENT=@@CHARACTER_SET_CLIENT */;
/*!40101 SET @OLD_CHARACTER_SET_RESULTS=@@CHARACTER_SET_RESULTS */;
/*!40101 SET @OLD_COLLATION_CONNECTION=@@COLLATION_CONNECTION */;
/*!40101 SET NAMES utf8mb4 */;

--
-- Base de datos: `backend1`
--

-- --------------------------------------------------------

--
-- Estructura de tabla para la tabla `agencias`
--

CREATE TABLE `agencias` (
  `id` bigint(20) UNSIGNED NOT NULL,
  `agencia_madre_id` bigint(20) UNSIGNED NOT NULL COMMENT 'ID de la agencia en la App Madre',
  `codigo` varchar(255) NOT NULL,
  `nombre` varchar(255) NOT NULL,
  `direccion` varchar(255) DEFAULT NULL,
  `created_at` timestamp NULL DEFAULT NULL,
  `updated_at` timestamp NULL DEFAULT NULL
) ENGINE=InnoDB DEFAULT CHARSET=utf8mb4 COLLATE=utf8mb4_unicode_ci;

--
-- Volcado de datos para la tabla `agencias`
--

INSERT INTO `agencias` (`id`, `agencia_madre_id`, `codigo`, `nombre`, `direccion`, `created_at`, `updated_at`) VALUES
(1, 1, '1', 'Agencia Central Jacaltenango', 'Cantón Pila, 2-125, Zona 2, Jacaltenango, Huehuetenango', '2025-12-24 23:49:36', '2025-12-24 23:49:36'),
(2, 2, '2', 'Agencia Nueva Catarina', 'Aldea Nueva Catarina, Jacaltenango, Huehuetenango', '2025-12-24 23:49:36', '2025-12-24 23:49:36'),
(3, 3, '3', 'Agencia San Antonio Huista', 'Cantón Central, San Antonio Huista, Huehuetenango.', '2025-12-24 23:49:36', '2025-12-24 23:49:36'),
(4, 4, '4', 'Agencia Camojá', 'Aldea Camojá Grande, La Democracia, Huehuetenango.', '2025-12-24 23:49:36', '2025-12-24 23:49:36'),
(5, 5, '5', 'Agencia Nentón', 'Sector Central, Nentón, Huehuetenango.', '2025-12-24 23:49:36', '2025-12-24 23:49:36'),
(6, 6, '6', 'Agencia Todos Santos', 'Calle Central, Todos Santos Cuchumatán, Huehuetenango.', '2025-12-24 23:49:36', '2025-12-24 23:49:36'),
(7, 7, '7', 'Agencia Huehuetenango', '2da Calle 6-03, Zona 1, Huehuetenango.', '2025-12-24 23:49:36', '2025-12-24 23:49:36'),
(8, 8, '8', 'Agencia San Marcos Huista', 'Cantón Rivera, San Marcos Huista, Jacaltenango, Huehuetenango.', '2025-12-24 23:49:36', '2025-12-24 23:49:36'),
(9, 9, '9', 'Agencia Unión Cantinil', 'Cantón Central, Unión Cantinil, Huehuetenango.', '2025-12-24 23:49:36', '2025-12-24 23:49:36'),
(10, 10, '10', 'Agencia Concepción Huista', 'Cantón Ciprés, Concepción Huista, Huehuetenango.', '2025-12-24 23:49:36', '2025-12-24 23:49:36'),
(11, 11, '11', 'Agencia Kaibil Balam', 'Calz. Kaibil Balam, 9 calle 9-41, Zona 5, Huehuetenango.', '2025-12-24 23:49:36', '2025-12-24 23:49:36'),
(12, 12, '12', 'Agencia Las Cruces Jacaltenango', 'Cantón El Llano, Jacaltenango, Huehuetenenango.', '2025-12-24 23:49:36', '2025-12-24 23:49:36'),
(13, 13, '13', 'Agencia Petatán', 'Cantón Central, Petatán, Huehuetenango.', '2025-12-24 23:49:36', '2025-12-24 23:49:36'),
(14, 14, '14', 'Agencia La Libertad', '1ra Avenida, Zona 1, La Libertad, Huehuetenango.', '2025-12-24 23:49:36', '2025-12-24 23:49:36'),
(15, 15, '15', 'Agencia La Democracia', 'Carretera Interamericana, La Democracia, Huehuetenango.', '2025-12-24 23:49:36', '2025-12-24 23:49:36'),
(16, 16, '16', 'Agencia Tajumuco', 'Aldea Tajumuco, Unión Cantinil, Huehuetenango', '2025-12-24 23:49:36', '2025-12-24 23:49:36'),
(17, 17, '17', 'Agencia Santa Ana Huista', 'Zona 0, Cantón Recuerdo, Santa  Huehuetenango.', '2025-12-24 23:49:36', '2025-12-24 23:49:36'),
(18, 18, '18', 'Agencia Tzisbaj', 'Tzisbaj', '2025-12-24 23:49:36', '2025-12-24 23:49:36'),
(99, 99, '99', 'Corporativo', 'Agencia Central Jacal', '2025-12-24 23:49:36', '2025-12-24 23:49:36');

-- --------------------------------------------------------

--
-- Estructura de tabla para la tabla `categorias`
--

CREATE TABLE `categorias` (
  `id` bigint(20) UNSIGNED NOT NULL,
  `nombre` varchar(255) NOT NULL,
  `descripcion` text DEFAULT NULL,
  `created_at` timestamp NULL DEFAULT NULL,
  `updated_at` timestamp NULL DEFAULT NULL
) ENGINE=InnoDB DEFAULT CHARSET=utf8mb4 COLLATE=utf8mb4_unicode_ci;

--
-- Volcado de datos para la tabla `categorias`
--

INSERT INTO `categorias` (`id`, `nombre`, `descripcion`, `created_at`, `updated_at`) VALUES
(1, 'Equipo de Computo', 'Abarca todo lo relacionado a equipos de computo', '2025-12-24 05:51:20', '2025-12-24 22:55:15');

-- --------------------------------------------------------

--
-- Estructura de tabla para la tabla `incidentes`
--

CREATE TABLE `incidentes` (
  `id` bigint(20) UNSIGNED NOT NULL,
  `inventario_id` bigint(20) UNSIGNED NOT NULL,
  `tipo` varchar(255) NOT NULL,
  `descripcion` text DEFAULT NULL,
  `fecha_reporte` date DEFAULT NULL,
  `created_at` timestamp NULL DEFAULT NULL,
  `updated_at` timestamp NULL DEFAULT NULL
) ENGINE=InnoDB DEFAULT CHARSET=utf8mb4 COLLATE=utf8mb4_unicode_ci;

-- --------------------------------------------------------

--
-- Estructura de tabla para la tabla `inventarios`
--

CREATE TABLE `inventarios` (
  `id` bigint(20) UNSIGNED NOT NULL,
  `agencia_id` bigint(20) UNSIGNED NOT NULL,
  `categoria_id` bigint(20) UNSIGNED DEFAULT NULL,
  `codigo_activo` varchar(255) DEFAULT NULL COMMENT 'Codigo unico de activo fijo',
  `numero_serie` varchar(255) DEFAULT NULL,
  `area` varchar(255) DEFAULT NULL,
  `nombre_responsable` varchar(255) DEFAULT NULL,
  `puesto_responsable` varchar(255) DEFAULT NULL,
  `usuario_equipo` varchar(255) DEFAULT NULL,
  `password_equipo` varchar(255) DEFAULT NULL,
  `tipo_dispositivo` varchar(255) DEFAULT NULL,
  `activo` tinyint(1) NOT NULL DEFAULT 1,
  `marca` varchar(255) DEFAULT NULL,
  `modelo` varchar(255) DEFAULT NULL,
  `nombre_equipo` varchar(255) DEFAULT NULL,
  `ip_address` varchar(255) DEFAULT NULL,
  `procesador` varchar(255) DEFAULT NULL,
  `memoria_ram` varchar(255) DEFAULT NULL,
  `almacenamiento` varchar(255) DEFAULT NULL,
  `sistema_operativo` varchar(255) DEFAULT NULL,
  `licencia_so` varchar(255) DEFAULT NULL,
  `version_office` varchar(255) DEFAULT NULL,
  `licencia_office` varchar(255) DEFAULT NULL,
  `antivirus` varchar(255) DEFAULT NULL,
  `bloqueo_usb` varchar(255) DEFAULT NULL,
  `es_remoto` tinyint(1) NOT NULL DEFAULT 0,
  `observaciones` text DEFAULT NULL,
  `created_at` timestamp NULL DEFAULT NULL,
  `updated_at` timestamp NULL DEFAULT NULL
) ENGINE=InnoDB DEFAULT CHARSET=utf8mb4 COLLATE=utf8mb4_unicode_ci;

--
-- Volcado de datos para la tabla `inventarios`
--

INSERT INTO `inventarios` (`id`, `agencia_id`, `categoria_id`, `codigo_activo`, `numero_serie`, `area`, `nombre_responsable`, `puesto_responsable`, `usuario_equipo`, `password_equipo`, `tipo_dispositivo`, `activo`, `marca`, `modelo`, `nombre_equipo`, `ip_address`, `procesador`, `memoria_ram`, `almacenamiento`, `sistema_operativo`, `licencia_so`, `version_office`, `licencia_office`, `antivirus`, `bloqueo_usb`, `es_remoto`, `observaciones`, `created_at`, `updated_at`) VALUES
(1, 1, 1, 'ACT000484', 'B6WH853', 'Créditos', 'Edwin Magdiel Francisco Hernandez cardenas', 'Asesor de Créditos', 'yk001cre009', 'roberto001', 'Escritorio', 1, 'DELL', 'Optiplex 3070', 'YK001CRE009', '10.60.147.128', 'Intel Core i7-9700T', '8GB', '500GB', 'Windows 10 Pro 64 bits', 'WNH9D-FM3Q3-43VC2-TYK29-GQ722', '2019', 'GY7RF-9773Q-YRFFC-DVCFR-GF4PZ', 'ESET endpoint 12.1.2057.3', 'Si', 1, NULL, '0000-00-00 00:00:00', '2025-12-24 23:51:07'),
(2, 1, 1, 'ACT000731', '2P6CYF3', 'Créditos', 'Maynor Darinel López Hernández', 'Asesor de Crédito', 'yk001cre001', 'hernandez001', 'Escritorio', 1, 'DELL', 'Optiplex 3080', 'YK001CRE001', '10.60.147.63', 'Intel Core i5-10505', '8GB', '480 SSD/1T HHD', 'Windows 10 Pro 64 bits', 'B7JPG-PNHHD-F7GWH-FD8HD-RJRC2', '365', 'creditos01@yamankutxrlgt.onmicrosoft.com', 'ESET endpoint 12.1.2057.3', 'Si', 1, '', '0000-00-00 00:00:00', '0000-00-00 00:00:00'),
(3, 1, 1, 'S/A', 'D73Z7T3', 'Créditos', 'Mauricio Rafael Rojas Hurtado ', 'Asesor de Créditos', 'yk001cre002', 'mauricio001', 'Escritorio', 1, 'DELL', 'Optiplex 3000', 'YK001CRE002', '10.60.147.199', 'Intel core i5-12500T', '8GB', '480 SSD', 'Windows 10 Pro 64 bits', 'WNG9K-89Q9M-RPCH4-P79WM-MY6PT', '365', 'creditos01@yamankutxrlgt.onmicrosoft.com', 'ESET endpoint 12.1.2057.3', 'Si', 1, '', '0000-00-00 00:00:00', '0000-00-00 00:00:00'),
(4, 1, 1, 'ACT000664', '6R5RDF3', 'Créditos', 'Rodolfo Baldemar Cruz Cárdenas', 'Asesor de Créditos', 'yk001cre008', 'montejo1986', 'Escritorio', 1, 'DELL', 'Optiplex 3080', 'YK001CRE008', '10.60.147.93', 'Intel Core i5-10500T', '8GB', '500 SSD', 'Windows 10 pro 64bits', 'NV6CG-YVBTD-M8V9Q-WPVDP-4RG6P', '365', 'creditos01_2@coopeyamankutx.onmicrosoft.com', 'ESET endpoint 12.1.2057.3', 'Si', 1, '', '0000-00-00 00:00:00', '0000-00-00 00:00:00'),
(5, 1, 1, 'ACT000662', '6TNRDF3', 'Créditos', 'Oscar Ubaldo Rodríguez Rodríguez', 'Credifacil', 'yk001cre006', 'rodriguez01', 'Escritorio', 1, 'DELL', 'Optiplex 3080', 'YK001CRE006', '10.60.147.209', 'Intel Core i5-10500T', '8 GB', '240 SSD', 'Windows 10 Pro 64bits', 'Y8K6B-NB2W4-63RVX-X4633-M7V22', '365', 'creditos01@yamankutxrlgt.onmicrosoft.com', 'ESET endpoint 12.1.2057.3', 'Si', 1, '', '0000-00-00 00:00:00', '0000-00-00 00:00:00'),
(6, 1, 1, 'Sin Activo', '5RC1V34', 'Créditos', 'Jesús Ferlandy Domingo Silvestre', 'Credifacil', 'yk001cre005', 'silvestre001', 'Escritorio', 1, 'DELL', 'Optiplex Micro 7010', 'yk001cre005', '10.60.147.117', 'Intel Core i5-13500T', '8GB', '512 ssd M.2', 'Windows 11 pro 64bits', 'DNWBP-VH9G4-DJ9YD-V76VT-RRHJ6', '365', 'creditos01@yamankutxrlgt.onmicrosoft.com', 'ESET endpoint 12.1.2057.3', 'Si', 1, '', '0000-00-00 00:00:00', '0000-00-00 00:00:00'),
(7, 1, 1, 'ACT000163', 'MJ0AZAQW', 'Créditos', 'Antonio de Jesus Hernandez Mendoza', 'Asesor de Crédito', 'yk001cre011', 'hernandez001', 'Escritorio', 1, 'Lenovo', 'ThinkCentre M720q', 'yk001cre011', '10.60.147.218', 'Intel Core i5-8500T', '8GB', '480 SSD', 'Windows 10 Pro 64 bits', 'M2NMG-RMHX7-GDDTH-36X4V-WK8XC', '2019', 'C9HW9-4KGF9-7634V-CQFMF-7M8TD', 'ESET endpoint 12.1.2057.3', 'Si', 1, '', '0000-00-00 00:00:00', '0000-00-00 00:00:00'),
(8, 1, 1, 'ACT000663', '8LCWZC3', 'Créditos', 'Luis Alberto Montejo Mendez', 'Credifacil', 'yk001cre007', 'Montejo123', 'Escritorio', 1, 'DELL', 'Optiplex 3080', 'yk001CRE007', '10.60.147.214', 'Intel Core i5-10500T', '8GB', '1TB', 'Windows 10 Pro 64 bits', 'DH76Q-MN3VW-RQTVM-VWMYP-W2QGP', '365', 'creditos01@yamankutxrlgt.onmicrosoft.com', 'ESET endpoint 12.1.2057.3', 'Si', 1, '', '0000-00-00 00:00:00', '0000-00-00 00:00:00'),
(9, 1, 1, 'ACT002481', 'DG2X624', 'Créditos', 'Miguel Roberto Diaz Jacinto', 'Asesor de Créditos', 'yk001cre010', 'domingo001', 'Escritorio', 1, 'DELL', 'Optiplex Micro 7010', 'yk001CRE010', '10.60.147.108', 'Intel Core i5-13500T', '8 GB', '480 GB SSD', 'Windows 11 Pro 64bits', 'VNY8M-FQ7XK-9MBHP-PP39K-YDXCT', '365', 'creditos01@yamankutxrlgt.onmicrosoft.com', 'ESET endpoint 12.1.2057.3', 'Si', 1, '', '0000-00-00 00:00:00', '0000-00-00 00:00:00'),
(10, 1, 1, 'pendiente', '1N7PMH3', 'Créditos', 'Jose Santiago Montejo Domingo', 'Asesor de Créditos', 'ykbmendoza', 'mendoza33458', 'Escritorio', 1, 'DELL', 'Optiplez 3080', 'yk001CRE003', '10.60.147.101', 'Intel Core i5-10500T', '12GB', '240 SSD', 'Windows 10 Pro 64 bits', 'VN4BX-VF4JV-J8MTH-6P3YV-46YP2', '365', 'creditos01@yamankutxrlgt.onmicrosoft.com', 'ESET endpoint 12.1.2057.3', 'Si', 1, '', '0000-00-00 00:00:00', '0000-00-00 00:00:00'),
(11, 1, 1, 'S/A', '5JD1V34', 'Créditos', 'Jonathan Osveli Montejo Cota', 'Asesor de créditos', 'yk001cre012', 'Domingo001', 'Escritorio', 1, 'DELL', 'Optiplex Micro 7010', 'YK001CRE012', '10.60.147.109', 'Intel Core i5-13500T', '8GB', '500 SSD', 'Windows 11 Pro 64 bits', 'J6BXM-X3NV4-6FHVV-CDDMV-9BVJ6', '365', 'creditos01_2@coopeyamankutx.onmicrosoft.com', 'ESET endpoint 12.1.2057.3', 'Si', 1, '', '0000-00-00 00:00:00', '0000-00-00 00:00:00'),
(12, 1, 1, 'Solicitado', '', 'Créditos', 'Rosa Angelica Delgado ', 'Secretaria de Créditos', 'yk001scr001', 'delgado001', 'Laptop', 1, 'DELL', 'Latitude 3520', 'yk001scr003', '10.60.147.54', 'Core i5-1135G7', '8GB', '480 TB SSD', 'Windows 10 Pro 64 bits', 'YJB9G-XXNQD-3YKM6-M4GKJ-7FR9C', '365', 'acamposeco@yamankutxgt.onmicrosoft.com', 'ESET endpoint 12.1.2057.3', 'Si', 0, '', '0000-00-00 00:00:00', '0000-00-00 00:00:00'),
(13, 1, 1, 'Pendiene', 'PF5PW2ZF', 'Jefatura', 'Maury Patricia Montejo Rojas', 'Subjefa de Agencia', 'yk001sub001', 'montejo001', 'Laptop', 1, 'Lenovo ', 'ThinkPad E16', 'YK001SUB001', '10.60.147.195', 'Intel Core Ultra 5 125U', '16GB', '512 GB', 'windows 11 pro 64 bits', 'pegado a la bios', '365', 'mmontejo@yamankutxrlgt.onmicrosoft.com', 'ESET endpoint 12.1.2057.3', 'Si', 1, '', '0000-00-00 00:00:00', '0000-00-00 00:00:00'),
(14, 1, 1, 'ACT000721', 'PF2G4SYQ', 'Jefatura', 'Guillermo Aliceto Hernandez Montejo', 'Jefe de Agencia', 'ykghernandez', 'hernandez001', 'Laptop', 1, 'Lenovo', 'ThinkPad E15', 'YK009JEFE001', '10.60.147.171', 'Intel Core i5-10210U', '8GB', '480 TB', 'windows 10 pro 64bits', 'P3CNG-HJJFJ-7973X-VJXXX-V22KC', '365', 'ghernandez@yamankutxrlgt.onmicrosoft.com', 'ESET endpoint 12.1.2057.3', 'Si', 1, '', '0000-00-00 00:00:00', '0000-00-00 00:00:00'),
(15, 1, 1, 'Sin Activo', '', 'Receptoria', 'Flor de Maria Lopez Hernández', 'Receptor Pagador', 'yk001caj005', 'mendoza001', 'Escritorio', 1, 'DELL', 'Optiplex 3090', 'yk001caj005', '10.60.147.30', 'Intel Core i5-10505', '8GB', '240SSD', 'Windows 10 Pro 64 bits', 'Y2XRB-H3NR9-BKRCB-8HYJ9-TF4C2', '2019', 'Y6MWV-HXHMW-CYJ76-YYQ76-DQXYZ', 'ESET endpoint 12.1.2057.3', 'Si', 0, '', '0000-00-00 00:00:00', '0000-00-00 00:00:00'),
(16, 1, 1, 'ACT000475', 'MXL9363MZ2', 'Receptoria', 'Rosa María Silvestre Jiménez', 'Receptor Pagador', 'yk001caj006', 'agencia001', 'Escritorio', 1, 'HP', 'Prodesk 400 G6 SSF', 'yk001CAJ006', '10.60.147.104', 'Intel Core i7-9700', '8GB', '1TB', 'Windows 10 Pro 64 bits', 'DN9WW-T7FG8-MP4QV-MWBY7-6XXTP', '2019', 'QYQ3P-FYK6R-9MQMC-KTDG3-CT7MZ', 'ESET endpoint 12.1.2057.3', 'Si', 1, '', '0000-00-00 00:00:00', '0000-00-00 00:00:00'),
(17, 1, 1, 'ACT000477', 'MXL9363N01', 'Receptoria', 'Ana Maria Hernandez Jímenez', 'Receptor Pagador', 'yk001caj007', 'infanto001', 'Escritorio', 1, 'HP', 'Prodesk 400 G6 SSF', 'yk001CAJ007', '10.60.147.26', 'Intel Core i7-9700', '8GB', '1TB', 'Windows 10 Pro 64 bits', 'FNY49-2R3MM-WCBT6-MBC6P-7CFC2', '365', 'info@yamankutxrl.com', 'ESET endpoint 12.1.2057.3', 'Si', 1, '', '0000-00-00 00:00:00', '0000-00-00 00:00:00'),
(18, 1, 1, 'ACT000474', 'MXL936353J', 'Receptoria', 'Elky Yovana López Díaz', 'Receptor Pagador', 'yk001caj008', 'lopezdiaz001', 'Escritorio', 1, 'HP', 'ProDesk 400 G6 SFF', 'YK001CAJ008', '10.60.147.86', 'Intel Core i7-9700', '8GB', '1TB', 'Windows 10 Pro 64 bits', '39DPN-HYT6B-XFK7G-PCX2C-VFR9C', '365', 'info@yamankutxrl.com', 'ESET endpoint 12.1.2057.3', 'Si', 1, '', '0000-00-00 00:00:00', '0000-00-00 00:00:00'),
(19, 1, 1, 'ACT002409', 'JKH6WV3', 'Receptoria ', 'Danna Alessandra Silvestre Silvestre', 'Receptor Pagador', 'yk001caj002', 'agencia126', 'Escritorio', 1, 'DELL', 'Optiplex 7010', 'yk001CAJ002', '10.60.147.27', 'Intel core i5-13500', '8GB', '500 SSD', 'Windows 11 Pro 64 bits', '3NFVR-DDTM9-28KQC-T2RC7-YY6PT', '365', 'info@yamankutxrl.com', 'ESET endpoint 12.1.2057.3', 'Si', 1, '', '0000-00-00 00:00:00', '0000-00-00 00:00:00'),
(20, 1, 1, 'pendiente', 'MJ0A26YB', 'Receptoria ', 'Nancy Marisol Torrez Ramírez', 'Cajera General', 'yk001caj001', 'general001', 'Escritorio', 1, 'DELL', 'Optiplex 7020', 'YK001CAJ001', '10.60.147.122', 'Intel Core i7-14700', '16GB', '1TB', 'Windows 11 Pro 64 bits', 'pegado a la bios', '365', 'info@yamankutxrl.com', 'ESET endpoint 12.1.2057.3', 'Si', 1, '', '0000-00-00 00:00:00', '0000-00-00 00:00:00'),
(21, 1, 1, 'S/A', 'DHMJW04', 'Receptoria ', 'Hilaria del Rosario Rojas', 'Receptor Pagador', 'yk001caj003', 'delgado001', 'Escritorio', 1, 'DELL', 'Optiplex SFF 7010', 'YK001CAJ003', '10.60.147.25', 'Intel core i5-13500', '8 GB', '480 SSD', 'Windows 11 Pro 64 bits', 'P6FCK-NP277-7X99K-4H3P7-46Y6G', '365', 'info@yamankutxrl.com', 'ESET endpoint 12.1.2057.3', 'Si', 1, '', '0000-00-00 00:00:00', '0000-00-00 00:00:00'),
(22, 1, 1, 'ACT001020', '376FDF2', 'SecretarÍa', 'Karen Mariza Hernández Crúz', 'Secretaria de Cuentas Nuevas', 'yk001sec002', 'hernandez001', 'Escritorio', 1, 'DELL', 'Inspirion 5400 AIO', 'yk001SEC002', '10.60.147.185', 'Intel Core i5-1135G7', '12GB', '240SSD 1TB HDD', 'Windows 11 Pro 64bits', 'WBV29-TNHCD-B4R7D-VVM7M-PR4C4', '365', 'secretaria01@yamankutxrlgt.onmicrosoft.com', 'ESET endpoint 12.1.2057.3', 'Si', 1, '', '0000-00-00 00:00:00', '0000-00-00 00:00:00'),
(23, 1, 1, 'ACT1730', '', 'SecretarÍa', 'Emily Dayana Carranza Miguel', 'Secretaria de Cuentas Nuevas', 'yk001sec003', 'carranza001', 'Escritorio', 1, 'DELL', 'Inspirion 5400 AIO', 'YK001SEC003', '10.60.147.11', 'Intel Core i5-1135G7', '12GB', '240SSD 1TB HDD', 'Windows 11 Pro 64bits', 'NJBG8-KW7DV-2WXH9-7223T-KTPKF', '365', 'secretaria01@yamankutxrlgt.onmicrosoft.com', 'ESET endpoint 12.1.2057.3', 'Si', 0, '', '0000-00-00 00:00:00', '0000-00-00 00:00:00'),
(24, 1, 1, 'ACT1732', '9Q5FDF2', 'SecretarÍa', 'Josefa Guadalupe Díaz Quiñonez', 'Secretaria de Cuentas Nuevas', 'yk001sec004', 'hurtado001', 'Aio', 1, 'DELL', 'Inspirion 5400 AIO', 'yk001SEC004', '10.60.147.13', 'Intel Core i5-1135G7', '12GB', '240SSD 1TB HDD', 'Windows 11 Pro 64bits', 'NPMMT-XPCM4-Q7RJ6-JJBCG-KTPKF', '365', 'secretaria01@yamankutxrlgt.onmicrosoft.com', 'ESET endpoint 12.1.2057.3', 'Si', 1, '', '0000-00-00 00:00:00', '0000-00-00 00:00:00'),
(25, 1, 1, 'ACT1729', '8L5FDF2', 'SecretarÍa', 'Yesenia Elizabet Jimenez Sanchez', 'Secretaria de Cuentas Nuevas', 'yk001sec001', 'sanchez001', 'Aio', 1, 'DELL', 'Inspirion 5400 AIO', 'yk001SEC001', '10.60.147.169', 'Intel Core i5-1135G7', '12GB', '240SSD 1TB HDD', 'Windows 11 Pro 64bits', '979HC-4NFBR-QPQPB-F866T-H8RC4', '365', 'secretaria01@yamankutxrlgt.onmicrosoft.com', 'ESET endpoint 12.1.2057.3', 'Si', 1, '', '0000-00-00 00:00:00', '0000-00-00 00:00:00'),
(26, 1, 1, 'solicitado', '', 'Ventanilla Especial', 'Cristina Marisol Castillo Camposeco', 'Ventanilla Especial', 'ykvespecial', 'especial001', 'Escritorio', 1, 'DELL', 'OptiPlex 3090', 'yk001ven001', '10.60.147.161', 'Intel Core i5-10505', '8 GB', '240GB SSD/ 1TB HDD', 'Windows 10 Pro 64 bits', 'K9Q6T-HQN2H-92DKV-6PWWH-6XWJ3', '365', 'secretaria01@yamankutxrlgt.onmicrosoft.com', 'ESET endpoint 12.1.2057.3', 'Si', 0, '', '0000-00-00 00:00:00', '0000-00-00 00:00:00'),
(27, 1, 1, 'Pendiente', 'PF5A9QV4', 'Créditos', 'Yahaira Melany Hurtado Silvestre', 'Secretaria de Créditos', 'yk001scr002', 'hurtado001', 'Laptop', 1, 'Lenovo', 'ThinkPad E16', 'YK001SCR002', '10.60.147.65', 'Intel Core Ultra 7 155U', '16GB', '512 GB SSD', 'Windows 11 pro 64bits', 'pegado a la bios', '365', 'yhurtado@yamankutxrl.com', 'ESET endpoint 12.1.2057.3', 'Si', 0, '', '0000-00-00 00:00:00', '0000-00-00 00:00:00'),
(28, 2, 1, 'ACT000993', 'FWC10L3', 'Créditos', 'Jesús Darinel Quiñónez Camposeco', 'Asesor de Créditos', 'yk002cre004', 'creditos02', 'Escritorio', 1, 'DELL', 'Optiplex3080', 'YK002CRE004', '10.60.170.33', 'Intel Core i5-10500T', '8GB', 'SSD 240GB+1TBHHD', 'Windows 10 Pro 64bits', 'QVDYM-NCY79-RY7PB-3Q2KH-9BT6P', '365', 'creditos02@yamankutxrlgt.onmicrosoft.com', 'ESET endpoint 12.1.2057.3', 'Si', 1, '', '0000-00-00 00:00:00', '0000-00-00 00:00:00'),
(29, 2, 1, 'ACT001728', 'MJ0JCN88', 'Créditos', 'Wilson Leonel Silvestre  Cardona', 'Asesor de Créditos', 'yk002cre001', 'Cardona002#', 'Escritorio', 1, 'Lenovo', 'ThinkCentre M70q', 'YK002CRE002', '10.60.170.31', 'Intel Core i5-12400T', '8GB', '480 GB SSD', 'Windows 10 Pro 64bits', '9N8PH-FYTB4-47BMY-MQYBH-8HWGG', '365', 'creditos02@yamankutxrlgt.onmicrosoft.com', 'ESET endpoint 12.1.2057.3', 'Si', 1, '', '0000-00-00 00:00:00', '0000-00-00 00:00:00'),
(30, 2, 1, 'ACT000166', 'MJ0AZAMK', 'Créditos', 'Oscar Geovani Diaz Camposeco', 'Asesor de Créditos', 'yk002cre003', 'agencia002', 'Escritorio', 1, 'Lenovo', 'ThinkCentre M720q', 'YL002CRE003', '10.60.170.32', 'Intel core i5-8500T', '8GB', '500GB', 'Windows 10 Pro 64bits', 'KNYPG-YV8CM-CHY2K-JF4FY-XBT6P', '365', 'creditos02@yamankutxrlgt.onmicrosoft.com', 'ESET endpoint 12.1.2057.3', 'Si', 1, '', '0000-00-00 00:00:00', '0000-00-00 00:00:00'),
(31, 2, 1, 'ACT000351', '50G64Z2', 'Receptoria', 'Antonia Rosiseli Marinez Hernández Miguel', 'Receptor Pagador', 'yk002caj001', 'Marinez002', 'Escritorio', 1, 'DELL', 'Optiplex 7070', 'YK002CAJ001', '10.60.170.21', 'Intel Core i5-9500', '8GB', '240 GB SSD', 'Windows 11 Pro 64 bits', 'HJ2MR-NCYY7-6KQ6W-CV4RX-9HJXC', '365', 'secretaria02@yamankutxrlgt.onmicrosot.com', 'ESET endpoint 12.1.2057.3', 'Si', 0, '', '0000-00-00 00:00:00', '0000-00-00 00:00:00'),
(32, 2, 1, 'ACT002769', 'C0B5G24', 'SecretarÍa', 'Sabina Ines Díaz Silvestre', 'Atencion y cuentas nuevas', 'yk001sec001', 'silvestre002', 'Escritorio', 1, 'DELL', 'Optiplex Micro 7010', 'YK002SEC001', '10.60.170.11', 'Intel core i5-13500T', '8 GB', '480 SSD', 'Windows 11 Pro 64bits', 'Q7F77-GPNTB-KC36M-2P67P-CKCKC', '365', 'secretaria02@yamankutxrlgt.onmicrosot.com', 'ESET endpoint 12.1.2057.3', 'Si', 0, '', '0000-00-00 00:00:00', '0000-00-00 00:00:00'),
(33, 2, 1, 'ACT001045', '98D9LM3', 'SecretarÍa', 'Petrona Estanislao Díaz Ros', 'Atencion y cuentas nuevas', 'yk002sec002', 'diazros002', 'Escritorio', 1, 'DELL', 'OptiPlex 3090', 'YK002SEC002', '10.60.170.12', 'Intel Core i5-10505', '8 GB', 'SSD 240GB+1TBHHD', 'Windows 10 Pro 64bits', '9W6PN-4R3CB-PBQ99-G9JGP-MP22T', '365', 'secretaria02@yamankutxrlgt.onmicrosot.com', 'ESET endpoint 12.1.2057.3', 'Si', 0, '', '0000-00-00 00:00:00', '0000-00-00 00:00:00'),
(34, 2, 1, 'ACT002846', 'PF52KZRV', 'Jefatura', 'Marvin Leonel Delgado Diaz', 'Jefe de agencia', 'yk002jef001', 'delgado002', 'Laptop', 1, 'LENOVO', '21JQ000GFJ', 'YK002JEF001', '10.60.170.47', 'Intel Core i7-1355U', '16GB', '500 SSD', 'Windows 11 Pro 64bits', 'En la bios', '365', 'mdelgado@yamankutxrl.com', 'ESET endpoint 12.1.2057.3', 'Si', 1, '', '0000-00-00 00:00:00', '0000-00-00 00:00:00'),
(35, 3, 1, 'ACT000865', 'FFYWKJ3', 'Créditos', 'Ottoniel Froilan Alonzo Velasquez', 'Asesor de Créditos', 'yk003cre004', 'velasquez03', 'Escritorio', 1, 'DeLL', 'Optiplex 3080', 'YK003CRE004', '10.60.231.33', 'Intel Core i5-10505', '8GB', '480 SSD', 'Windows 10 Pro 64 bits', '6BRVN-92VQV-QT9VH-38V62-76DGP', '365', 'creditos03@yamankutxrlgt.onmicrosoft.com', 'ESET endpoint 12.1.2057.3', 'Si', 0, '', '0000-00-00 00:00:00', '0000-00-00 00:00:00'),
(36, 3, 1, 'ACT000549', '66Q9G73', 'Créditos', 'Hector Daniel Vargas Cardenas', 'Asesor de Créditos', 'yk003cre001', 'Cardenas003', 'Escritorio', 1, 'Dell', 'OptiPlex 3080', 'YK003CRE001', '10.60.231.31', 'Intel Core i5-10500T', '8GB', '240 GB SSD', 'Windows 10 Pro 64 bits', '3Y87T-PWNBQ-DDCGD-GT9JK-V22KC', '365', 'creditos03@yamankutxrlgt.onmicrosoft.com', 'ESET endpoint 12.1.2057.3', 'Si', 1, '', '0000-00-00 00:00:00', '0000-00-00 00:00:00'),
(37, 3, 1, 'ACT002034', 'MJ0JSC8C', 'Créditos', 'Jesus Abimael Mendoza Montejo', 'Asesor de creditos', 'yk003cre006', 'montejo003', 'Escritorio', 1, 'DELL', 'DELL Optiplex 3080 ', 'YK003CRE002', '10.60.231.35', 'Intel Core i5-10500T', '8 GB', '240 GB SSD', 'Windows 10 Pro 64 bits', 'NBT6M-8TTJP-FJHX2-HB97W-2GYP2', '365', 'creditos03@yamankutxrlgt.onmicrosoft.com', 'ESET endpoint 12.1.2057.3', 'Si', 1, '', '0000-00-00 00:00:00', '0000-00-00 00:00:00'),
(38, 3, 1, 'ACT000954', '7MRDLM3', 'Créditos', 'Marcos Antonio Pérez Lucas', 'Asesor de Créditos', 'yk003cre005', 'antonio003', 'Escritorio', 1, 'DELL', 'Optiplex 3090', 'YK003CRE005', '10.60.231.34', 'Intel Core i5-10500T', '8GB', 'SSD 240GB+1TBHHD', 'Windows 10 Pro 64 bits', 'GW443-JN62V-MVYQB-6C2GY-6VKCT', '365', 'creditos03@yamankutxrlgt.onmicrosoft.com', 'ESET endpoint 12.1.2057.3', 'Si', 0, '', '0000-00-00 00:00:00', '0000-00-00 00:00:00'),
(39, 3, 1, 'ACT000550', '66YBG73', 'Créditos', 'Erbin Geovani Martínez Vicente', 'Asesor de Créditos', 'yk003cre002', 'martinez003', 'Escritorio', 1, 'DELL', 'ThinkCentre M70q', 'YK003CRE002', '10.60.231.32', 'Intel Core i5-12400T', '8GB', 'SSD 240GB+1TBHHD', 'Windows 10 Pro 64 bits', '33MC8-NYD7B-HYG69-4M98Y-TXXTP', '365', 'creditos03@yamankutxrlgt.onmicrosoft.com', 'ESET endpoint 12.1.2057.3', 'Si', 1, '', '0000-00-00 00:00:00', '0000-00-00 00:00:00'),
(40, 3, 1, 'ACT000817', '45YWKJ3', 'Receptoría', 'Nimcy Yanileth López Tomas', 'Receptor Pagador', 'yk003caj004', 'receptor003', 'Escritorio', 1, 'DELL', 'Optipliex 3080', 'YK003CAJ004', '10.60.231.25', 'Intel Core i5-10505', '8GB', 'SSD 240GB+1TBHHD', 'Windows 10 Pro 64 bits', 'T3HG3-NGP36-RQGKW-MDXFM-CWF9C', '365', 'caja03@yamankutxrl.onmicrosoft.com', 'ESET endpoint 12.1.2057.3', 'Si', 1, '', '0000-00-00 00:00:00', '0000-00-00 00:00:00'),
(41, 3, 1, 'ACT002410', 'GKH6WV3', 'Receptoría', 'Anita Dolores Camposeco Ros', 'Receptor Pagador', 'yk003caj003', 'carmelo003', 'Escritorio', 1, 'DELL', 'Optiplex 7010', 'YK003CAJ003', '10.60.231.24', 'Intel Core i5-13500', '4GB', '480 GB SSD', 'Windows 10 Pro 64 bits', 'M9CBN-KDK9P-Y8FFW-2BX2X-XKX86', '365', 'caja03@yamankutxrl.onmicrosoft.com', 'ESET endpoint 12.1.2057.3', 'Si', 1, '', '0000-00-00 00:00:00', '0000-00-00 00:00:00'),
(42, 3, 1, 'ACT000348', '50G74Z2', 'Receptoría', 'Yakelin Lucero Cifuentes Funez', 'Receptor-Pagador', 'yk003caj001', 'cifuentes003', 'Escritorio', 1, 'Dell', 'Optiplex 7070', 'YK003CAJ001', '10.60.231.21', 'Intel Core i5-9500', '8GB', '1TB', 'Windows 10 Pro 64 bits', 'XX6NW-FX77H-Q4VXM-TXWCV-4C2KC', '2019', 'M967B-NYD8B-WKP6D-8F3K4-X2B23', 'ESET endpoint 12.1.2057.3', 'Si', 1, '', '0000-00-00 00:00:00', '0000-00-00 00:00:00'),
(43, 3, 1, 'ACT003135', 'GLXW574', 'Receptoría', 'Maria Cristina Mendoza Silvestre', 'Receptor-Pagador', 'yk003caj002', 'mendoza003', 'Escritorio', 1, 'Dell', 'Optiplex 7070', 'YK003CAJ002', '10.60.231.22', 'Intel Core i5-9500', '8GB', '1TB', 'Windows 10 Pro 64 bits', 'RBCN6-827FX-WK78K-2K7B6-8TYP2', '2019', 'secretaria03@yamankutxrlgt.onmicrosoft.com', 'ESET endpoint 12.1.2057.3', 'Si', 1, '', '0000-00-00 00:00:00', '0000-00-00 00:00:00'),
(44, 3, 1, 'ACT000465', 'B6ZH853', 'SecretarÍa', 'Monica Yoam Perez Velasquez', 'Atencion y cuentas nuevas', 'yk003sec005', 'velasquez003', 'Escritorio', 1, 'Dell', 'Optiplex 3070', 'YK003SEC003', '10.60.231.14', 'Intel Core i7-9700T', '8GB', '480GB', 'Windows 10 Pro 64 bits', '9NC6W-HP6DY-YDVXW-VK2MX-BKMP2', '365', 'secretaria03@yamankutxrlgt.onmicrosoft.com', 'ESET endpoint 12.1.2057.3', 'Si', 1, '', '0000-00-00 00:00:00', '0000-00-00 00:00:00'),
(45, 3, 1, 'ACT000949', '4MV9WG3', 'Jefatura', 'Mario Orlando Montejo Cardona', 'Jefe de Agencia', 'yk003jef001', 'agencia003', 'Laptop', 1, 'DELL', 'Latitude 3520', 'YK003JEF001', '10.60.231.47', 'Intel Core i5-1135G7', '8GB', 'SSD 240GB+1TBHHD', 'Windows 10 Pro 64 bits', '36KRT-MNQWR-KKTRX-Q4XW4-VVQRTE', '365', 'mmontejo@yamankutxrl.com', 'ESET endpoint 12.1.2057.3', 'Si', 0, '', '0000-00-00 00:00:00', '0000-00-00 00:00:00'),
(46, 3, 1, 'ACT001770', '1VLZ7T3', 'SecretarÍa', 'Karla Elizabeth Granados Cano', 'Atencion y cuentas nuevas', 'yk003sec004', 'Granados003', 'Escritorio', 1, 'Dell', 'optiplex 3000', 'YK003SEC004', '10.60.231.13', 'Intel Core i5-12500T', '8 GB', '240 GB SSD', 'Windows 10 Pro 64 bits', 'BN6TX-242P4-QY7YJ-B8DCF-JHWGG', '365', 'secretaria03@yamankutxrlgt.onmicrosoft.com', 'ESET endpoint 12.1.2057.3', 'Si', 1, '', '0000-00-00 00:00:00', '0000-00-00 00:00:00'),
(47, 3, 1, 'ACT003136', '63FB144', 'SecretarÍa', 'Keller Yudiverly García López', 'Atencion y cuentas nuevas', 'yk003sec006', 'kgarcia003', 'Escritorio', 1, 'Dell', 'Optiplex 3070', 'YK003SEC001', '10.60.231.11', 'Intel Core i7-9700T', '8GB', '500 GB', 'Windows 10 Pro 64 bits', '2YTNT-Q7YRH-7TMGG-VVCGM-VQWXC', '365', 'secretaria03@yamankutxrlgt.onmicrosoft.com', 'ESET endpoint 12.1.2057.3', 'Si', 1, '', '0000-00-00 00:00:00', '0000-00-00 00:00:00'),
(48, 3, 1, 'ACT000459', '52SWPV3', 'SecretarÍa', 'Adeiry Florinda Cano Morales', 'Atencion y cuentas nuevas', 'yk003sec002', 'MORALES003', 'Escritorio', 1, 'Dell', 'Optiplex Micro 7010', 'YK003SEC002', '10.60.231.12', 'Intel Core i5-13500T', '8GB', '240 GB SSD', 'Windows 10 Pro 64 bits', 'G4PN3-H9K8Q-433QF-M3G2M-8FHJ6', '365', 'secretaria03@yamankutxrlgt.onmicrosoft.com', 'ESET endpoint 12.1.2057.3', 'Si', 1, '', '0000-00-00 00:00:00', '0000-00-00 00:00:00'),
(49, 3, 1, 'ACT002957', 'PF5ATD1T', 'Jefatura', 'Fausta Patricia Martínez Morales', 'Subjefa de Agencia', 'yk003sub001', 'martinez003', 'Laptop', 1, 'LEONOVO', 'ThinkPad E16', 'YK003SUB001', '10.60.231.46', 'Core i5-1135G7', '8GB', '500GB SSD', 'Windows 11 Pro 64 bits', 'X2KNY-M7GTQ-BWX6R-V276K-M98XC', '365', 'fmartinez@yamankutxrlgt.onmicrosoft.com', 'ESET endpoint 12.1.2057.3', 'Si', 1, '', '0000-00-00 00:00:00', '0000-00-00 00:00:00'),
(50, 3, 1, 'ACT000453', 'PF19BKEP', 'SecretarÍa', 'Adeiry Florinda Cano Morales', 'Secretaria de Creditos', 'yk003scr001', 'creditos03', 'Laptop', 1, 'Lenovo', '82C5-PF19BKEP', 'YK003SCR001', '10.60.231.80', 'Intel(R) Core(TM) i5-1035G1 CPU @ 1.00GHz', '8 GiB', '240 GB', 'Windows 10 Pro 64 bits', 'KVNJX-HYRH9-XX42Q-34RYT-TJF9C', '365', 'secretaria03@yamankutxrlgt.onmicrosoft.com', 'ESET endpoint 12.1.2057.3', 'Si', 1, '', '0000-00-00 00:00:00', '0000-00-00 00:00:00'),
(51, 4, 1, 'ACT000869', 'JLY5VH3', 'Creditos', 'Wilby Ely Hidalgo Herrera', 'Asesor de Créditos', 'ykwhidalgo', 'hidalgo004', 'Escritorio', 1, 'DELL', 'Optiplex 7090', 'YK004CRE004', '10.62.103.34', 'Intel Core i5-10500T', '8GB', '500GB', 'windows 10 pro 64 bits', 'DVBNQ-M9G73-BWBDP-TXHRB-KD722', '365', 'creditos04@yamankutxrl.onmicrosoft.com', 'ESET endpoint 12.1.2057.3', 'Si', 1, '', '0000-00-00 00:00:00', '0000-00-00 00:00:00'),
(52, 4, 1, 'ACT000835', '7DGH5K3', 'Créditos', 'Edgar Jacobo Pérez Cruz', 'Asesor de Créditos', 'yk004cre002', 'camoja2600', 'Escritorio', 1, 'DELL', 'OptiPlex 3080', 'YK004CRE002', '10.62.103.32', 'Intel Core i5-10500', '8GB', 'SSD 240GB+1TBHHD', 'Windows 10 Pro 64bits', 'HHTXY-NTFGK-MDKF2-3PC33-3PFTG', '365', 'creditos04@yamankutxrl.onmicrosoft.com', 'ESET endpoint 12.1.2057.3', 'Si', 1, '', '0000-00-00 00:00:00', '0000-00-00 00:00:00'),
(53, 4, 1, 'ACT002438', 'FRXNWV3', 'Créditos', 'Gilberto Leodan Herrera Cobon', 'Asesor de Créditos', 'yk004cre003', 'agencia2600', 'Escritorio', 1, 'Lenovo', 'Thinkcentre M720q', 'YK004CRE003', '10.62.103.33', 'Intel Core i5-8500T', '8GB', '1 TB', 'windows 10 pro 64bits', '6MHNT-BPHXY-J3VYG-KJKRT-YG9TP', '365', 'creditos04@yamankutxrl.onmicrosoft.com', 'ESET endpoint 12.1.2057.3', 'Si', 1, '', '0000-00-00 00:00:00', '0000-00-00 00:00:00'),
(54, 4, 1, 'ACT001046', 'MJ0H51LS', 'Créditos', 'Wilder Marconi Ramos Rojas', 'Asesor de Créditos', 'yk004cre005', 'camoja', 'Escritorio', 1, 'Lenovo', 'ThinkCentre M70q Gen2', 'YK004CRE007', '10.62.103.35', 'Intel Core i5-11400T', '8GB', 'SSD 240GB+1TBHHD', 'windows 10 pro 64bits', 'H7XNV-QGXYY-FJHBH-HTH6G-238GG', '365', 'creditos04@yamankutxrl.onmicrosoft.com', 'ESET endpoint 12.1.2057.3', 'Si', 1, '', '0000-00-00 00:00:00', '0000-00-00 00:00:00'),
(55, 4, 1, 'ACT000836', 'BJGH5K3', 'Créditos', 'Lecsan Rosember Barrera Jiménez', 'Asesor de Créditos', 'yk004cre001', 'barrera004', 'Escritorio', 1, 'DELL', 'OptiPlex 3080', 'YK004CRE001', '10.62.103.31', 'Intel Core i5-10500', '8GB', 'SSD 240GB+1TBHHD', 'windows 10 pro 64bits', 'RGNVJ-24GWC-86MQK-7HXF2-BTDW6', '365', 'creditos04@yamankutxrl.onmicrosoft.com', 'ESET endpoint 12.1.2057.3', 'Si', 1, '', '0000-00-00 00:00:00', '0000-00-00 00:00:00'),
(56, 4, 1, 'ACT001729', 'YLT08PE3', 'Receptoria', 'Adriana Soledad Méndez Maldonado', 'Receptor-Pagador', 'yk004caj002', 'Soledad04#', 'Escritorio', 1, 'Lenovo', 'Thinkcentre neo 50s', 'yk004caj002', '10.62.103.22', 'Intel Corei5-12400', '8 GB', '500 GB', 'Windows 10 Pro 64bits', 'YDWB6-N7T4R-Y2RQR-GB9GW-AAOEM', '365', 'caja04@yamankutxrl.onmicrosoft.com', 'ESET endpoint 12.1.2057.3', 'Si', 1, '', '0000-00-00 00:00:00', '0000-00-00 00:00:00'),
(57, 4, 1, 'ACT000832', 'FRH95K3', 'Receptoria', 'Kimberly Saraí Pérez Luis', 'Receptor-Pagador', 'yk004caj001', 'Luis12604#', 'Escritorio', 1, 'DELL', 'OptiPlex 3080', 'YK004CAJ001', '10.62.103.21', 'Intel Core i5-10500', '8GB', 'SSD 240GB+1TBHHD', 'Windows 10 Pro 64bits', 'QFN2G-2MJ7Y-XHPB4-Q6WKH-QPFTG', '365', 'caja04@yamankutxrl.onmicrosoft.com', 'ESET endpoint 12.1.2057.3', 'Si', 1, '', '0000-00-00 00:00:00', '0000-00-00 00:00:00'),
(58, 4, 1, 'ACT000833', '4DGH5K3', 'SecretarÍa', 'Breidy Yudesly Ramírez Méndez', 'Secretaria', 'yk004sec002', 'Ramirez04#', 'Escritorio', 1, 'DELL', 'OptiPlex 3080', 'yk004sec002', '10.62.103.12', 'Intel Core i5-10500', '8GB', 'SSD 240GB+1TBHHD', 'Windows 10 Pro 64bits', 'NBD9T-FJKDX-GP3FM-27CWG-BP22T', '365', 'secretaria04@yamankutxrl.onmicrosoft.com', 'ESET endpoint 12.1.2057.3', 'Si', 1, '', '0000-00-00 00:00:00', '0000-00-00 00:00:00'),
(59, 4, 1, 'ACT000834', 'DDGH5K3', 'SecretarÍa', 'Arely Sureimy Cifuentes Samayoa', 'Secretaria', 'yk004sec001', 'samayoa004', 'Escritorio', 1, 'DELL', 'OptiPlex 3080', 'yk004sec001', '10.62.103.11', 'Intel Core i5-10500', '8GB', 'SSD 240GB+1TBHHD', 'Windows 10 Pro 64bits', '8NX7Y-GJRWG-VMM87-B7247-R9C2T', '365', 'secretaria04@yamankutxrl.onmicrosoft.com', 'ESET endpoint 12.1.2057.3', 'Si', 1, '', '0000-00-00 00:00:00', '0000-00-00 00:00:00'),
(60, 4, 1, 'ACT000805', 'BYT4BG3', 'Jefatura', 'Yohana Yaneth Delgado Montejo', 'Subjefa de Agencia', 'yk004sub001', 'Montejo004', 'Laptop', 1, 'DELL', 'Latitude 3520', 'YK004SUB001', '10.62.103.47', 'Core i5-1135G7', '8GB', '240GB SSD/ 1TB HDD', 'windows 10 pro 64 bits', '438N3-PDWYQ-GG4BW-XBVF9-RM49C', '365', 'ymontejo@yamankutxrl.com', 'ESET endpoint 12.1.2057.3', 'Si', 1, '', '0000-00-00 00:00:00', '0000-00-00 00:00:00'),
(61, 4, 1, 'ACT001712', 'PF41N61N', 'Jefatura', 'Lucas Ferlandy Díaz Delgado', 'Jefe de Agencia', 'yk004jef001', 'Ferlandy04.', 'Laptop', 1, 'Lenovo', 'ThinkPad E15 ', 'YK004JEF001', '10.62.103.46', 'Intel Core i7-1165G7U', '16GB', '500GB', 'windows 10 pro 64bits', 'YGHNJ-9KV9M-664KW-47C6H-4C2KC', '365', 'lucasdiaz@yamankutxrl.com', 'ESET endpoint 12.1.2057.3', 'Si', 1, '', '0000-00-00 00:00:00', '0000-00-00 00:00:00'),
(62, 4, 1, 'Solicitado', '', 'SecretarÍa', 'Secretaria de Créditos', 'Secretaria de créditos', 'yk004scr001', 'creditos004', 'Laptop', 1, 'DELL', 'Latitude 5520', 'YK004SCR001', '10.62.103.13', 'Intel Core i7-1165G7', '16GB', 'SSD 500GB', 'windows 10 Pro 64bits', 'FNKYK-Y7GHY-2V8HB-DYK7H-HXMP2', '365', '', 'ESET endpoint 12.1.2057.3', 'Si', 1, '', '0000-00-00 00:00:00', '0000-00-00 00:00:00'),
(63, 5, 1, 'ACT000925', '3YDL3L3', 'Caja', 'Pendiente de confirmar', 'Receptor Pagador', 'yk005caj001', 'ros005', 'Escritorio', 1, 'DELL', 'Optiplex 3090', 'yk005CAJ001', '10.60.245.21', 'Intel Core i5-10505', '8GB', 'SSD 240GB+1TBHHD', 'Windows 10 Pro 64bits', 'GN7WV-CV4FF-PB39H-BCY6M-B4HJ6', '365', 'caja05@yamankutxrl.onmicrosoft.com', 'ESET endpoint 12.1.2057.3', 'Si', 1, '', '0000-00-00 00:00:00', '0000-00-00 00:00:00'),
(64, 5, 1, 'ACT000926', '520L3L3', 'Caja', 'Evelyn Michel Díaz Castillo', 'Receptor Pagador', 'yk005caj002', 'Castillo005#', 'Escritorio', 1, 'DELL', 'Optiplex 3090', 'YK005CAJ002', '10.60.245.22', 'Intel Core i3-6100', '8GB', 'SSD 240GB+1TBHHD', 'Windows 10 Pro 64bits', 'VVV33-9KN2H-CM3BD-QDV3K-QV7J6', '365', 'caja05@yamankutxrl.onmicrosoft.com', 'ESET endpoint 12.1.2057.3', 'Si', 1, '', '0000-00-00 00:00:00', '0000-00-00 00:00:00'),
(65, 5, 1, 'ACT001041', '7LD10L3', 'Creditos', 'Cruz Rafael Domingo Domingo', 'Asesor de Créditos', 'yk005cre005', 'lopez005', 'Escritorio', 1, 'DELL', 'Optiplex 3080', 'YK005CRE005', '10.60.245.34', 'Intel Core i5-10500T', '8GB', '480GB SSD', 'Win10 por 64bits', '33MC8-NYD7B-HYG69-4M98Y-TXXTP', '365', 'creditos05@yamankutxrl.onmicrosoft.com', 'ESET endpoint 12.1.2057.3', 'Si', 0, '', '0000-00-00 00:00:00', '0000-00-00 00:00:00'),
(66, 5, 1, 'ACT002387', 'FKYNWV3', 'Créditos', 'Jesus Bejamin Ros Silvestre', 'Asesor de creditos', 'yk005cre001', 'mendoza@05', 'Escritorio', 1, 'DELL', 'Optiplex Micro 7010', 'YK005CRE001', '10.60.245.31', 'Intel Core i5-13500T', '8 GB', '480GB SSD', 'W11 PRO 64bits', '8FNTQ-W6QV7-KH9CR-8THXM-6VJXC', '365', 'creditos05@yamankutxrl.onmicrosoft.com', 'ESET endpoint 12.1.2057.3', 'Si', 0, '', '0000-00-00 00:00:00', '0000-00-00 00:00:00'),
(67, 5, 1, 'ACT000927', '8W9L3L3', 'Créditos', 'Abraham Josue Cota Hernandez', 'Asesor de creditos', 'yk005cre002', 'delgado005', 'Escritorio', 1, 'DELL', 'Optiplex 3090', 'YK005CRE002', '10.60.245.32', 'Intel core i5-10505', '8GB', '480GB SSD', 'Windows 10 Pro 64bits', '9N4X9-CYF24-BQRQJ-3R6PG-V6DW6', '365', 'creditos05@yamankutxrl.onmicrosoft.com', 'ESET endpoint 12.1.2057.3', 'Si', 1, '', '0000-00-00 00:00:00', '0000-00-00 00:00:00'),
(68, 5, 1, 'ACT0001730', 'MJ0JCNE1', 'Créditos', 'Jesús Angel Gabriel Jacinto Hernández', 'Asesor de crédito', 'yk005cre004', 'jacionto05', 'Escritorio', 1, 'Lenovo', 'ThinkCentre M70q', 'YK005CRE004', '10.60.245.33', 'Intel Core i5-12400T', '8GB', '480GB SSD', 'Windows 10 Pro 64bits', 'DMYC9-6NQPT-D64Y8-GXBQ7-JQK2P', '365', 'creditos05@yamankutxrl.onmicrosoft.com', 'ESET endpoint 12.1.2057.3', 'Si', 1, '', '0000-00-00 00:00:00', '0000-00-00 00:00:00'),
(69, 5, 1, 'ACT000928', 'MJ0FKA28', 'SecretarÍa', 'Damoneth Suzeth Castillo Mauricio', 'Atencion y cuentas nuevas', 'yk005sec001', 'Mauricio005', 'Escritorio', 1, 'Lenovo', 'ThinkCentre M70c', 'YK005SEC001', '10.60.245.11', 'Intel Core i5-10400', '8Gb', 'SSD 240GB+1TBHHD', 'Windows 10 Pro 64bits', 'NHBW6-6Q3W4-RQGC8-H6YB6-8TYP2', '365', 'secretaria05@yamanKutxrl.onmicrosoft.com', 'ESET endpoint 12.1.2057.3', 'Si', 1, '', '0000-00-00 00:00:00', '0000-00-00 00:00:00'),
(70, 5, 1, 'ACT000929', 'MJ0FKA27', 'SecretarÍa', 'Maribel Lucas Samayoa', 'Atencion y cuentas nuevas', 'yk005sec002', 'samayoa005', 'Escritorio', 1, 'Lenovo', 'ThinkCentre M70c', 'YK005SEC002', '10.60.245.12', 'Intel Core i5-10400', '8Gb', 'SSD 240GB+1TBHHD', 'Windows 10 Pro 64bits', 'KNKMQ-CYTCM-BBPG3-HHMBM-F9CKC', '365', 'secretaria05@yamanKutxrl.onmicrosoft.com', 'ESET endpoint 12.1.2057.3', 'Si', 1, '', '0000-00-00 00:00:00', '0000-00-00 00:00:00'),
(71, 5, 1, 'ACT002959', 'PF5BPNB2', 'Jefatura', 'Candelaria Lucrecia Ros Alonzo', 'Subjefa de agencia', 'yk005sub001', 'Alonzo005#', 'Laptop', 1, 'Lenovo', 'E16 Gen 2', 'YK005SUB001', '10.60.245.46', 'intel ultra 5', '16GB', '500GB', 'W11 PRO 64bits', 'Pegada a la BIOS', '365', 'amanuel@yamankutxrl.com', 'ESET endpoint 12.1.2057.3', 'Si', 1, '', '0000-00-00 00:00:00', '0000-00-00 00:00:00'),
(72, 5, 1, 'ACT001929', 'PF431TMP', 'Jefatura', 'Lusvin Estuardo Jacinto Sánchez', 'Jefe de Agencia', 'yk005jef004', 'jacinto005', 'Laptop', 1, 'Lenovo', 'ThinkPad E15 GEN 2', 'YK005JEF004', '10.60.245.47', 'intel Core i51235U', '16GB', 'SSD 500GB', 'Windows 10 Pro 64bits', 'XTRRW-N4M6B-T4F8M-86HWW-J8GPT', '365', 'ljacinto@yamankutxrl.com', 'ESET endpoint 12.1.2057.3', 'Si', 1, '', '0000-00-00 00:00:00', '0000-00-00 00:00:00'),
(73, 5, 1, 'ACT3834', '5CD90133C9', 'Secretaria de creditos', 'María Leticia Domingo Ros', 'Secretaria de creditos', 'yk005scr001', 'Coronado005', 'Laptop', 1, 'HP', 'HP', 'YK005SCR001', '10.60.245.36', 'Intel Core i5-14500T', '8GB', '500 GB', 'Win10 por 64bits', 'Pegada a la BIOS', '365', 'secretaria05@yamanKutxrl.onmicrosoft.com', 'ESET endpoint 12.1.2057.3', 'Si', 1, '', '0000-00-00 00:00:00', '0000-00-00 00:00:00'),
(74, 5, 1, 'ACT003292', '3XBLT64', 'Créditos', 'Cesar Augusto Pérez Barillas', 'Asesor de Créditos', 'yk005cre006', 'Barillas005', 'Desktop', 1, 'DELL', 'Optiplex Micro 7020', 'YK005CRE006', '10.60.245.35', 'Intel Core i5-14500T', '8GB', '480GB SSD', 'W11 PRO 64bits', 'Pegada a la BIOS', '365', 'creditos05@yamankutxrl.onmicrosoft.com', 'ESET endpoint 12.1.2057.3', 'Si', 1, '', '0000-00-00 00:00:00', '0000-00-00 00:00:00'),
(75, 6, 1, 'ACT001420', 'MJ0J6L3P', 'Créditos', 'Daniel Ahilón Cruz ', 'Asesor de Créditos', 'yk006cre004', 'asesor06', 'Escritorio', 1, 'LENOVO', 'LENOVO M70q', 'YK006CRE004', '40.60.26.34', 'Intel Core i5-10500T', '8GB', '480 SSD ', 'Windows 10 Pro 64 bits', 'NF6HC-QH89W-F8WYV-WWXV4-WFG6P', '365', 'creditos06@yamankutxrlgt.onmicrosoft.com', 'ESET endpoint 12.1.2057.3', 'Si', 1, '', '0000-00-00 00:00:00', '0000-00-00 00:00:00'),
(76, 6, 1, 'ACT002437', 'D0YNWV3', 'Créditos', 'Elías Vidal Pablo Mendoza', 'Asesor de Créditos', 'yk006cre001', 'ykasesor006', 'Escritorio', 1, 'DELL', 'Optiplex Micro 7010', 'YK006CRE001', '40.60.26.31', 'Intel Core i7-13500T', '16GB', 'SSD 480GB', 'Windows 11 Pro 64 bits', 'pegado a la bios', '365', 'creditos06@yamankutxrlgt.onmicrosoft.com', 'ESET endpoint 12.1.2057.3', 'Si', 1, '', '0000-00-00 00:00:00', '0000-00-00 00:00:00'),
(77, 6, 1, 'ACT000772', 'FPVL2G3', 'Créditos', 'Gilberto David Orosco Carrillo Mendoza', 'Asesor de Créditos', 'yk006cre003', 'carrillo06', 'Escritorio', 1, 'Dell', 'Optiplex 3080', 'YK006CRE003', '40.60.26.33', 'Intel Core i5-10500T', '8GB', 'SSD 240 Gb', 'Windows 10 Pro 64 bits', 'FJNKY-JQVYC-HM9TM-4JCDJ-TQ722', '365', 'creditos06@yamankutxrlgt.onmicrosoft.com', 'ESET endpoint 12.1.2057.3', 'Si', 1, '', '0000-00-00 00:00:00', '0000-00-00 00:00:00'),
(78, 6, 1, 'ACT000771', 'FPT3MH3', 'Créditos', 'Agusto Pablo Bautista', 'Asesor de Créditos', 'yk006cre002', 'bautista006', 'Escritorio', 1, 'Dell', 'Optiplex 3080', 'YK006CRE002', '40.60.26.32', 'Intel Core i5-10500T', '8GB', 'SSD 480GB', 'Windows 10 Pro 64 bits', 'W4CQC-W4N72-6929H-TVDDW-82QGP', '365', 'creditos06@yamankutxrlgt.onmicrosoft.com', 'ESET endpoint 12.1.2057.3', 'Si', 1, '', '0000-00-00 00:00:00', '0000-00-00 00:00:00'),
(79, 6, 1, 'ACT000769', 'FPW7MH3', 'Receptoría', 'Julian Matias Jeronimo', 'Receptor-Pagador', 'yk006caj001', 'jeronimo006', 'Escritorio', 1, 'Dell', 'Optiplex 3080', 'YK006CAJ001', '40.60.26.21', 'Intel Core i5-10500T', '8GB', 'SSD 240GB', 'Windows 10 Pro 64 bits', 'YXFBN-96YBW-XTFFJ-MBGKG-H8RC2', '365', 'caja06@yamankutxrlgt.onmicrosoft.com', 'ESET endpoint 12.1.2057.3', 'Si', 1, '', '0000-00-00 00:00:00', '0000-00-00 00:00:00'),
(80, 6, 1, 'ACT000770', 'FQB2MH3', 'Receptoría', 'Carolina Maribel Perez Cruz', 'Receptor-Pagador', 'yk006caj002', 'carolina006', 'Escritorio', 1, 'Dell', 'Optiplex 3080', 'YK006CAJ002', '40.60.26.22', 'Intel Core i5-10500T', '8GB', 'SSD 240GB', 'Windows 10 Pro 64 bits', 'XVQNC-FFX4C-Y3HPV-MWRHP-GQ722', '365', 'caja06@yamankutxrlgt.onmicrosoft.com', 'ESET endpoint 12.1.2057.3', 'Si', 1, '', '0000-00-00 00:00:00', '0000-00-00 00:00:00'),
(81, 6, 1, 'ACT000768', 'FQ8L2G3', 'SecretarÍa', 'Mirna Angelica Ahilon Pablo', 'Secretaria', 'yk006sec001', 'ykpablo006', 'Escritorio', 1, 'Dell', 'optiplex 3080', 'YK006SEC001', '40.60.26.11', 'Intel Core i5-8400', '8GB', '1TB', 'Windows 10 Pro 64 bits', 'N4HPD-H3W2H-XJG6K-8TCYK-3RR9C', '365', 'secretaria06@yamankutxrlgt.onmicrosoft.com', 'ESET endpoint 12.1.2057.3', 'Si', 1, '', '0000-00-00 00:00:00', '0000-00-00 00:00:00'),
(82, 6, 1, 'ACT002436', '91YNWV3', 'SecretarÍa', 'Sandra Maribel Martín Bautista ', 'Secretaria', 'yk006sec002', 'bautista06', 'Escritorio', 1, 'Dell', 'Optiplex 3080', 'YK006SEC002', '40.60.26.12', 'Intel Core i5-10500T', '8GB', 'SSD 240GB', 'Windows 10 Pro 64 bits', 'B84XX-4NDX4-HK3X7-9QB6Y-G3BP2', '365', 'secretaria06@yamankutxrlgt.onmicrosoft.com', 'ESET endpoint 12.1.2057.3', 'Si', 1, '', '0000-00-00 00:00:00', '0000-00-00 00:00:00'),
(83, 6, 1, 'ACT000807', '69T4BG3', 'Jefatura', 'María Teresa Mandoza Ramírez', 'Subjefa de agencia', 'ykmramirez', 'ramirez006', 'Laptop', 1, 'DELL', 'Latitude 3520', 'YK006SUB001', '40.60.26.47', 'Core I5-1135G7', '8GB', '240SSD 1TB Mecanico', 'Win10 por 64bits', 'MRHMK-HHN2C-QD44C-8JHRG-TJF)C', '365', 'mmendoza@yamankutxrlgt.onmicrosoft.com', 'ESET endpoint 12.1.2057.3', 'Si', 1, '', '0000-00-00 00:00:00', '0000-00-00 00:00:00'),
(84, 6, 1, 'ACT002051', 'PF4CFC7S', 'Jefatura', 'Manuel Antonio Domingo Garcia', 'Jefe de Agencia', 'yk006jef001', 'manuel006', 'Laptop', 1, 'Lenovo', 'ThinkPad E15', 'YK006JEF002', '40.60.26.46', 'Intel Core i7-1255U', '16GB', '500 GB HDD', 'Windows 10 Pro 64 bits', '9FWN9-DW77C-GTCTG-YJRG2-D69TP', '365', 'mdomingo@yamankutxrlgt.onmicrosoft.com', 'ESET endpoint 12.1.2057.3', 'Si', 1, '', '0000-00-00 00:00:00', '0000-00-00 00:00:00'),
(85, 6, 1, 'ACT002962', 'HDNWQ54', 'Ventanilla Especial', 'Diogelia Perez Mendoza', 'Ventanilla Especial', 'yk006vene001', 'ykperez006', 'Escritorio', 1, 'Dell', 'optiplex 3080', 'YK006VENE001', '40.60.26.18', 'Intel Core i7-12700', '16GB', 'SSD 500GB', 'Windows 11 Pro 64 bits', 'pegado a la bios', '365', 'caja06@yamankutxrlgt.onmicrosoft.com', 'ESET endpoint 12.1.2057.3', 'Si', 1, '', '0000-00-00 00:00:00', '0000-00-00 00:00:00'),
(86, 6, 1, 'ACT003049', '78SW574', 'Créditos', 'Rolando Mendoza Perez', 'Asesor de Créditos', 'yk006cre005', 'mendoza006', 'Escritorio', 1, 'DELL', 'Optiplex Micro 7020', 'YK006CRE005', '40.60.26.37', 'Intel Core i5-14500T', '8GB', '480GB SSD', 'Windows 11 Pro 64 bits', 'pegado a la bios', '365', 'creditos06@yamankutxrlgt.onmicrosoft.com', 'ESET endpoint 12.1.2057.3', 'Si', 1, '', '0000-00-00 00:00:00', '0000-00-00 00:00:00'),
(87, 7, 1, 'ACT001936', 'MJ0JSC8G', 'Créditos', 'Carlos Josue Camposeco Díaz/Rotativo', 'Asesor de creditos', 'yk007cre003', 'samayoa007', 'Escritorio', 1, 'Lenovo', 'M70q', 'yk007CRE003', '10.60.178.33', 'i5-12400T', '8 GB', '250 GB', 'windows 10 pro 64bits', 'P6G9N-C677X-CQRH4-DT8UK-C7KCT', '365', 'creditos07@yamankutxrlgt.onmicrosoft.com', 'ESET endpoint 12.1.2057.3', 'Si', 1, '', '0000-00-00 00:00:00', '0000-00-00 00:00:00'),
(88, 7, 1, 'ACT002412', '4WXNWV3', 'Créditos', 'Luis  Fernando Martínez Perez', 'Asesor de creditos', 'yk007cre004', 'Creditos12607', 'Escritorio', 1, 'Dell', 'Optiplex micro 7010', 'yk007cre004', '10.60.178.34', 'i5-13500T ', '8 GB', '480GB', 'windows 11 pro 64bits', 'YGHNJ-9KV9M-664KW-47C6H-4C2KC', '365', 'creditos07@yamankutxrlgt.onmicrosoft.com', 'ESET endpoint 12.1.2057.3', 'Si', 1, '', '0000-00-00 00:00:00', '0000-00-00 00:00:00'),
(89, 7, 1, 'ACT000352', 'MJ0C84R9', 'Créditos', 'Cristian ', 'Asesor de Créditos', 'yk007cre005', 'martinez07', 'Escritorio', 1, 'Lenovo', 'Thinkcentre M710q', 'yk007CRE005', '10.60.178.35', 'Inel Core i5-8500T', '8 GB', '500GB', 'windows 10 pro 64bits', 'CNJ87-MTVH4-B94DM-WDH7F-369TP', '365', 'creditos07@yamankutxrlgt.onmicrosoft.com', 'ESET endpoint 12.1.2057.3', 'Si', 1, '', '0000-00-00 00:00:00', '0000-00-00 00:00:00'),
(90, 7, 1, 'n/a', 'C9K8WV3', 'Créditos', 'Hilario de Jesús Gómez', 'Asesor de Créditos', 'yk007cre001', 'hilario007', 'Escritorio', 1, 'Dell', 'optiplex micro 7010', 'yk007CRE001', '10.60.178.31', 'i5-13500T ', '8 GB', '500GB', 'windows 11 pro 64bits', 'D7NWR-HPW6B-P88Y4-TFKBR-6Q8GG', '365', 'creditos07@yamankutxrlgt.onmicrosoft.com', 'ESET endpoint 12.1.2057.3', 'Si', 1, '', '0000-00-00 00:00:00', '0000-00-00 00:00:00'),
(91, 7, 1, 'ACT002414', 'DHYNWV3', 'Créditos', 'Edgar fernando López Villatoro', 'Asesor de Créditos', 'yk007cre002', 'agencia007', 'Escritorio', 1, 'Dell', 'Optiplex 3000', 'yk007CRE002', '10.60.178.32', 'i5-13500T ', '16GB', '500GB', 'windows 11 pro 64bits', '7KR44-N2KPH-T79WM-D4V711-XD8GG', '365', 'creditos07@yamankutxrlgt.onmicrosoft.com', 'ESET endpoint 12.1.2057.3', 'Si', 1, '', '0000-00-00 00:00:00', '0000-00-00 00:00:00'),
(92, 7, 1, 'ACT000712', '9P6CYF3', 'Créditos', 'Axel Darinel Godínez Ramírez', 'Asesor de Créditos', 'yk007cre006', 'godinez07', 'Escritorio', 1, 'Dell', 'Optiplex 3080', 'YK007CRE006', '10.60.178.36', 'Intel Core i5-10505', '8GB', '1 TB', 'windows 10 pro 64bits', 'FNP6P-W2XJY-F3MPR-8KCHF-FC2KC', '365', 'creditos07@yamankutxrlgt.onmicrosoft.com', 'ESET endpoint 12.1.2057.3', 'Si', 1, '', '0000-00-00 00:00:00', '0000-00-00 00:00:00'),
(93, 7, 1, 'ACT001953', '7Z63QT3', 'Receptoria', 'Lincy Madelin López de León', 'Receptor-Pagador', 'yk007caj003', 'Madelin007', 'Escritorio', 1, 'DELL', 'Optiplex 3000', 'YK007CAJ003', '10.60.178.23', 'Intel Core i5-12500', '8 GB', 'SSD 250 GB', 'windows 10 pro 64bits', 'N7B22-RGWW3-VPWWD-JPXH3-FM6PT', '365', 'caja07@yamankutxrlgt.onmicrosoft.com', 'ESET endpoint 12.1.2057.3', 'Si', 1, '', '0000-00-00 00:00:00', '0000-00-00 00:00:00'),
(94, 7, 1, 'ACT001954', '22G3QT3', 'Receptoria', 'Pendiente de confirmar', 'Receptor-Pagador', 'yk007caj001', 'Monroy0007', 'Escritorio', 1, 'DELL', 'Optiplex 3000', 'YK007CAJ001', '10.60.178.21', 'Intel Core i5-12500', '8 GB', 'SSD 250 GB', 'windows 10 pro 64bits', 'YFY3K-YKNBV-4G8QW-Q8FRX-Y7WGG', '365', 'caja07@yamankutxrlgt.onmicrosoft.com', 'ESET endpoint 12.1.2057.3', 'Si', 1, '', '0000-00-00 00:00:00', '0000-00-00 00:00:00'),
(95, 7, 1, 'ACT001953', 'CZ63QT3', 'Receptoria', 'Dayana Lariza Chic Cobón', 'Receptor-Pagador', 'yk007caj002', 'lariza2607', 'Escritorio', 1, 'DELL', 'Optiplex 3000', 'YK007CAJ002', '10.60.178.22', 'Intel Core i5-12500', '8 GB', 'SSD 250 GB', 'windows 10 pro 64bits', 'DFPGN-MX6CB-7JDC3-HWYFD-YBJGG', '365', 'caja07@yamankutxrlgt.onmicrosoft.com', 'ESET endpoint 12.1.2057.3', 'Si', 1, '', '0000-00-00 00:00:00', '0000-00-00 00:00:00'),
(96, 7, 1, 'ACT001934', '2KC2KQ3', 'SecretarÍa', 'Yoselin Yuvitza Hernández Martínez', 'Atencion y cuentas nuevas', 'yk007sec002', 'Secretaria17', 'AIO', 1, 'DELL', 'Ispirion 5400 ', 'YK007SEC002', '10.60.178.12', 'Intel core i5-1135G7', '12GB', 'SSD 256 GB/ 1TB', 'windows 11 pro 64bits', '73VCN-TPJBP-BYMRC-VCMX8-J8GF8', '365', 'infohuehue@yamankutxrl.com', 'ESET endpoint 12.1.2057.3', 'Si', 1, '', '0000-00-00 00:00:00', '0000-00-00 00:00:00'),
(97, 7, 1, 'ACT001935', '4K7S2Q3', 'SecretarÍa', 'Melany Daniela Morales Cortés', 'Atencion y cuentas nuevas', 'yk007sec004', 'ykcortes07', 'AIO', 1, 'DELL', 'Ispirion 5400 ', 'YK007SEC004', '10.60.178.11', 'Intel core i5-1135G7', '12 GB', '256 GB SSD + 1TB', 'windows 11 pro 64bits', 'FMNC4-FMWTW-GDYK4-HKW46-CGYWW', '365', 'infohuehue@yamankutxrl.com', 'ESET endpoint 12.1.2057.3', 'Si', 1, '', '0000-00-00 00:00:00', '0000-00-00 00:00:00'),
(98, 7, 1, 'ACT001933', 'ITX3KQ3', 'SecretarÍa', 'Andrea Giselle Gutiérrez Herrera', 'Atencion y cuentas nuevas', 'yk007sec003', 'guitierrez007', 'AIO', 1, 'DELL', 'Ispirion 5400 ', 'YK007SEC003', '10.60.178.13', 'Intel core i5-1135G7', '12 GB', 'SSD 256 GB/ 1TB', 'windows 11 pro 64bits', '9NDGX-GTRWF-Q7TPM-YWPDG-YG92J', '365', 'infohuehue@yamankutxrl.com', 'ESET endpoint 12.1.2057.3', 'Si', 1, '', '0000-00-00 00:00:00', '0000-00-00 00:00:00'),
(99, 7, 1, 'ACT002960', 'PF5FB48M', 'Créditos', 'Pendiente de confirmar', 'Asesor de Créditos', 'yk007cre009', 'lorenzo007', 'Laptop', 1, 'Lenovo ', 'ThinkPad E16 Gen 2', 'YK007CRE009', '10.60.178.39', 'Intel Core ultra 7 155U', '16GB', '480 GB', 'windows 11 pro 64bits', 'Pegada a la bios', '365', 'creditos07@yamankutxrlgt.onmicrosoft.com', 'ESET endpoint 12.1.2057.3', 'Si', 1, '', '0000-00-00 00:00:00', '0000-00-00 00:00:00'),
(100, 7, 1, 'ACT001334', 'H4TTDL3', 'Jefatura', 'Nimsy Dayana Martinez Pascual', 'Subjefa de Agencia', 'yk007sub001', 'martinez07', 'Laptop', 1, 'DELL', 'Latitude 5520', 'YK007SUB001', '10.60.178.100', 'Core i5-1135G7', '8GB', '235 GB SSD', 'windows 10 pro 64 bits', 'JD7WN-7QTT8-Y3PKD-T7VHM-39M6G', '365', 'jsaucedo@yamankutxrl.com', 'ESET endpoint 12.1.2057.3', 'Si', 1, '', '0000-00-00 00:00:00', '0000-00-00 00:00:00'),
(101, 7, 1, 'ACT000991', '2FXQSG3', 'Jefatura', 'Cesar Juan Carlos Velasquez Perez', 'Jefe de agencia', 'yk007jef001', 'velasquez007', 'Laptop', 1, 'DELL', 'Latitude 3520', 'YK007JEFE002', '10.60.178.119', 'Intel Core i7-1165G7', '8GB', 'SSD 500GB', 'windows 10 Pro 64bits', 'VK7JG-NPHTM-C97JM-9MPGT-3V66T', '365', 'tsilvestre@yamankutxrlgt.onmicrosoft.com', 'ESET endpoint 12.1.2057.3', 'Si', 1, '', '0000-00-00 00:00:00', '0000-00-00 00:00:00'),
(102, 7, 1, 'Pendiente', 'PF5FB48M', 'Créditos', 'No Asignado', 'Asesor de Créditos', 'yk007cre009', 'lorenzo007', 'Laptop', 1, 'Lenovo', 'ThinkPad E16', 'YK007CRE009', '10.60.178.49', 'Intel Core Ultra 7 155U', '16GB', '480GB', 'Windows 11 pro 64bits', 'pegado a la bios', '365', 'creditos07@yamankutxrlgt.onmicrosoft.com', 'ESET endpoint 12.1.2057.3', 'Si', 1, '', '0000-00-00 00:00:00', '0000-00-00 00:00:00'),
(103, 7, 1, 'Pendiente', 'HCBKM34', 'Créditos', 'David Estuardo Lopez Leiba', 'Asesor de Créditos', 'yk007cre008', 'Agencia007', 'Escritorio', 1, 'Dell', 'Optiplex micro 7010', 'YK007CRE008', '10.60.178.40', 'Intel Core i5-13500T', '8GB', '480GB', 'Windows 11 pro 64bits', 'pegada a la bios', '365', 'creditos07@yamankutxrlgt.onmicrosoft.com', 'ESET endpoint 12.1.2057.3', 'Si', 1, '', '0000-00-00 00:00:00', '0000-00-00 00:00:00'),
(104, 7, 1, 'Pendiente', '9NFKM34', 'Créditos', 'Kimberly Gabriela Herrera Carrillo', 'Asesor de Créditos', 'yk007cre007', 'agencia007', 'Escritorio', 1, 'Dell', 'optiplex micro 7010', 'YK007CRE007', '10.60.178.41', 'Intel Core i5-13500T', '8GB', '480GB', 'Windows 11 pro 64bits', 'Pegada a la bios', '365', 'creditos07@yamankutxrlgt.onmicrosoft.com', 'ESET endpoint 12.1.2057.3', 'Si', 1, '', '0000-00-00 00:00:00', '0000-00-00 00:00:00'),
(105, 8, 1, 'ACT001763', 'HVH4YS3', 'Caja', 'Andrea Mendoza Ros', 'Receptor-Pagador', 'yk008caj002', 'mendoza008', 'Escritorio', 1, 'DELL', 'optiplex 3000', 'yk008caj002', '10.62.125.40', 'Intel Core i5-12500T', '8B', '500 hdd', 'windows 10 pro 64bits', '3NP7D-C4CFY-GR4QW-G96MV-GCQGP', '365', 'infosanmarcos@yamankutxrl.com', 'ESET endpoint 12.1.2057.3', 'Si', 1, '', '0000-00-00 00:00:00', '0000-00-00 00:00:00'),
(106, 8, 1, 'ACT002385', 'D71Q704', 'Caja', 'Guadalupe Marisol Jimenez Delgado', 'Receptor-Pagador', 'yk008caj003', 'receptor008', 'Escritorio', 1, 'DELL', 'Optiplex 7010', 'yk008CAJ003', '10.62.125.21', 'Intel Core i5-13500', '16 GB', '256 SSD M.', 'windows 11 pro 64bits', '3NP7D-C4CFY-GR4QW-G96MV-GCQGP', '365', 'infosanmarcos@yamankutxrl.com', 'ESET endpoint 12.1.2057.3', 'Si', 1, '', '0000-00-00 00:00:00', '0000-00-00 00:00:00'),
(107, 8, 1, 'ACT002408', '1WXNWV3', 'Créditos', 'Guillermo Antonio Domingo Montejo', 'Asesor de Creditos', 'yk008cre001', 'montejo008', 'Escritorio', 1, 'DELL', 'Optiplex 7010', 'yk008cre001', '10.62.125.31', 'Intel Core I5-13500', '8GB', '512 SSD', 'windows 11 pro 64bits', 'P3CNG-HJJFJ-7973X-VJXXX-V22KC', '365', 'creditos08@yamankutxrl.onmicrosoft.com', 'ESET endpoint 12.1.2057.3', 'Si', 1, '', '0000-00-00 00:00:00', '0000-00-00 00:00:00'),
(108, 8, 1, 'ACT000868', 'BMY5VH3', 'Créditos', 'Pedro Emanuel Mendoza Díaz', 'Asesor de Créditos', 'yk008cre002', 'mendoza008', 'Escritorio', 1, 'DELL', 'Optiplex 7090', 'YK008CRE002', '10.62.125.32', 'Intel Core i5-10500T', '8GB', '500 hdd', 'windows 10 pro 64bits', 'V46MW-6NDCJ-37C7T-J7HR7-DRR9C', '365', 'creditos08@yamankutxrl.onmicrosoft.com', 'ESET endpoint 12.1.2057.3', 'Si', 1, '', '0000-00-00 00:00:00', '0000-00-00 00:00:00'),
(109, 8, 1, 'ACT001770', 'MJ0H51BY', 'SecretarÍa', 'Neira Mayuli Camposeco Silvestre', 'Secretaria de Cuentas Nuevas', 'yk008sec001', 'camposeco008', 'Escritorio', 1, 'Lenovo ', 'Intel Core i5-11400T', 'yk008sec002', '10.62.125.11', 'Intel Core i7-7700', '8GB', '250 hdd', 'windows 10 pro 64bits', 'R64C2-KQNDC-YJY2X-QJRHV-4C2KC', '365', 'infosanmarcos@yamankutxrl.com', 'ESET endpoint 12.1.2057.3', 'Si', 1, '', '0000-00-00 00:00:00', '0000-00-00 00:00:00'),
(110, 8, 1, 'ACT002727', 'PF4VTF4S', 'Jefatura', 'Candelaria Elizabeth Ramirez Díaz', 'Subjefa de Agencia', 'yk008sub001', 'ramirez008', 'Laptop', 1, 'Lenovo', 'TinkPad E16', 'YK008SUB001', '10.62.125.47', 'Intel Core i7 - 1355U', '16GB', '480 GB', 'Windows 11 pro 64 bits', 'N3WKK-WFYVQ-W66HW-F24TT-H8RTG', '365', 'infosanmarcos@yamankutxrl.com', 'ESET endpoint 12.1.2057.3', 'Si', 1, '', '0000-00-00 00:00:00', '0000-00-00 00:00:00'),
(111, 8, 1, 'ACT002783', '5L07S04', 'Créditos', 'Candelario Miguel Mateo Matias', 'Asesor de Créditos', 'yk008cre003', 'creditos008', 'Escritorio', 1, 'DELL', 'Optiplex 7090', 'YK008CRE003', '10.62.125.33', 'Intel Core i5-10500T', '8GB', '500 hdd', 'windows 10 pro 64bits', 'V46MW-6NDCJ-37C7T-J7HR7-DRR9C', '365', 'creditos08@yamankutxrl.onmicrosoft.com', 'ESET endpoint 12.1.2057.3', 'Si', 1, '', '0000-00-00 00:00:00', '0000-00-00 00:00:00'),
(112, 9, 1, 'ACT002751', 'FV07S04', 'Caja', 'Lisbeth Marilin Velásquez Rodriguez', 'Receptor Pagador', 'yk009caj001', 'velasquez009', 'Escritorio', 1, 'DELL', 'Optiplex SFF 7010', 'YK009CAJ001', '10.62.22.22', 'Intel Core i5-13500', '8GB', '480GB SSD', 'Windows 11 pro 64 bits', 'Pegada a la BIOS', '365', 'infocantinil@yamankutxrl.com', 'ESET endpoint 12.1.2057.3', 'Si', 0, '', '0000-00-00 00:00:00', '0000-00-00 00:00:00');
INSERT INTO `inventarios` (`id`, `agencia_id`, `categoria_id`, `codigo_activo`, `numero_serie`, `area`, `nombre_responsable`, `puesto_responsable`, `usuario_equipo`, `password_equipo`, `tipo_dispositivo`, `activo`, `marca`, `modelo`, `nombre_equipo`, `ip_address`, `procesador`, `memoria_ram`, `almacenamiento`, `sistema_operativo`, `licencia_so`, `version_office`, `licencia_office`, `antivirus`, `bloqueo_usb`, `es_remoto`, `observaciones`, `created_at`, `updated_at`) VALUES
(113, 9, 1, 'ACT002750', 'JV07S04', 'Caja', 'Tania Marili Cano Velasquez', 'Receptor Pagador', 'yk009caj002', 'cano009', 'Escritorio', 1, 'DELL', 'Optiplex SFF 7010', 'YK009CAJ002', '10.62.22.21', 'Intel Core i5-13500T', '8GB', '480GB SSD', 'Windows 11 pro 64 bits', 'Pegada a la BIOS', '365', 'infocantinil@yamankutxrl.com', 'ESET endpoint 12.1.2057.3', 'Si', 0, '', '0000-00-00 00:00:00', '0000-00-00 00:00:00'),
(114, 9, 1, 'ACT002749', 'HFBKM34', 'Créditos', 'Feliciano Eduardo Silvestre Silvestre', 'Asesor de Créditos', 'yk009cre002', 'silvestre009', 'Escritorio', 1, 'DELL', 'Optiplex Micro 7010 ', 'YK009CRE002', '10.62.22.32', 'Intel Core i5-13500T', '8GB', '480 SSD', 'Windows 11 pro 64bits', 'Pegada a la BIOS', '365', 'creditos09@yamankutxrlgt.onmicrosoft.com', 'ESET endpoint 12.1.2057.3', 'Si', 0, '', '0000-00-00 00:00:00', '0000-00-00 00:00:00'),
(115, 9, 1, 'ACT003054', '772WZ44', 'Créditos', 'Catarina Gorety Rafel Díaz', 'Asesor de Créditos', 'yk009cre001', 'catarina009', 'Escritorio', 1, 'DELL', 'Optiplex Micro 7020 ', 'YK009CRE001', '10.62.22.31', 'Intel Core i5-14500T', '16GB', '480GB SSD', 'Windows 11 pro 64bits', 'Pegada a la BIOS', '365', 'creditos09@yamankutxrlgt.onmicrosoft.com', 'ESET endpoint 12.1.2057.3', 'Si', 0, '', '0000-00-00 00:00:00', '0000-00-00 00:00:00'),
(116, 9, 1, 'ACT001047', 'MJ0H51LH', 'Créditos', 'Wilder Gustavo Herrera Alva', 'Asesor de Créditos', 'yk009cre003', 'herrera009', 'Escritorio', 1, 'Lenovo ', 'Thinkcentre M70q', 'YK009CRE003', '10.62.22.33', 'Intel core i5-11400T', '8GB', '500 HHD', 'windows 10 pro 64bits', 'NPXRV-KDX44-PHY33-HB89M-2PQW6', '365', 'creditos09@yamankutxrlgt.onmicrosoft.com', 'ESET endpoint 12.1.2057.3', 'Si', 0, '', '0000-00-00 00:00:00', '0000-00-00 00:00:00'),
(117, 9, 1, 'ACT002155', '9PT1BV3', 'Créditos', 'Luis Gerardo Pelicó Lucas', 'Asesor de Créditos', 'yk009cre004', 'Agencia009', 'Escritorio', 1, 'DELL', 'Optiplex 3000', 'YK009CRE004', '10.62.22.34', 'intel core i5-12500T', '8GB', '480GB SSD', 'Windows 11 pro 64 bits', 'Pegada a la BIOS', '365', 'creditos09@yamankutxrlgt.onmicrosoft.com', 'ESET endpoint 12.1.2057.3', 'Si', 0, '', '0000-00-00 00:00:00', '0000-00-00 00:00:00'),
(118, 9, 1, 'ACT003068', 'MP2BA5VV', 'SecretarÍa', 'Erendida Marivi Cano Merida', 'Atencion y cuentas nuevas', 'yk009sec001', 'erendida009', 'AIO', 1, 'Lenovo ', 'IDEAL CENTER 27IRH9', 'YK009SEC001', '10.62.22.11', 'Intel Core i7-13620H', '32GB', '1 TB', 'Windows 11 pro 64 bits', 'DNDYQ-WCB3Q-PP39R-PPPH2-27JXG', '365', 'infocantinil@yamankutxrl.com', 'ESET endpoint 12.1.2057.3', 'Si', 0, '', '0000-00-00 00:00:00', '0000-00-00 00:00:00'),
(119, 9, 1, 'ACT003069', 'MP2BACW3', 'SecretarÍa', 'Karen Beatriz Cano Cano', 'Atencion y cuentas nuevas', 'yk009sec002', 'canocano09', 'AIO', 1, 'Lenovo ', 'IDEAL CENTER 27IRH9', 'YK009SEC002', '10.62.22.12', 'Intel Core i7-13620H', '32GB', '1 TB', 'Windows 11 pro 64 bits', 'CWNJW-W2H68-3H4KX-K3MG2-XTPKG', '365', 'infocantinil@yamankutxrl.com', 'ESET endpoint 12.1.2057.3', 'Si', 0, '', '0000-00-00 00:00:00', '0000-00-00 00:00:00'),
(120, 9, 1, 'n/a', 'PF41NQZ3', 'Jefatura', 'Pedro Wilfredo Ros', 'Jefe de Agencia', 'yk001jer001', 'wilfredo01', 'Laptop', 1, 'Lenovo', 'ThinkPad E15', 'YK001JER001', '10.62.22.50', 'Intel Core i5-1235U', '16 GB', '500 GB SSD', 'Windows 10 Pro 64bits', 'incorporada en la Bios', '365', 'dmendoza@yamankutxrl.com', 'ESET endpoint 12.1.2057.3', 'Si', 0, '', '0000-00-00 00:00:00', '0000-00-00 00:00:00'),
(121, 9, 1, 'ACT000808', 'GHT4BG3', 'Jefatura', 'Dania Mariney Cano Herrera', 'Subjefa de agencia', 'yk009sub001', 'herrera009', 'Laptop', 1, 'DELL', 'Latitude 3520', 'YK009SUB001', '10.62.22.46', 'Core I5-1135G7', '8GB', '240SSD 1TB Mecanico', 'Win10 por 64bits', 'N89KC-3FV3B-TT4MJ-DPHH7-B7V22', '365', 'dcano@yamankutxrlgt.onmicrosoft.com', 'ESET endpoint 12.1.2057.3', 'Si', 0, '', '0000-00-00 00:00:00', '0000-00-00 00:00:00'),
(122, 9, 1, '', 'HLZW624', 'Jefatura', 'Pedro Wilfredo Ros', 'Jefe de Agencia', 'yk001jer001', 'wilfredo01', 'Laptop', 1, 'Lenovo', 'ThinkPad E15', 'YK001JER001', '10.60.231.203', 'Intel Core i5-1235U', '16 GB', '500 GB SSD', 'Windows 10 Pro 64bits', 'incorporada en la Bios', '365', 'dmendoza@yamankutxrl.com', 'ESET endpoint 12.1.2057.3', 'Si', 0, '', '0000-00-00 00:00:00', '0000-00-00 00:00:00'),
(123, 9, 1, 'n/a', 'HNZXDB4', 'Créditos', 'José Andres Escobedo', 'Asesor de Créditos', 'yk009cre005', 'escobedo#09', 'Escritorio', 1, 'DELL', 'Pro Micro', 'YK009CRE005', '10.62.22.36', 'Intel Core i5-14500T', '8GB', '480 SSD', 'Windows 11 pro 64 bits', 'Pegada a la BIOS', '365', 'reditos09@yamankutxrlgt.onmicrosoft.com', 'ESET endpoint 12.1.2057.3', 'Si', 1, '', '0000-00-00 00:00:00', '0000-00-00 00:00:00'),
(124, 10, 1, 'ACT003137', '61BB144', 'Créditos', 'Manuel de Jesús Mendez Silvestre', 'Asesor de Créditos', 'yk010cre002', 'ramirez010', 'Escritorio', 1, 'Lenovo', 'Thinkcenter M720', 'YK010CRE002', '10.62.31.32', 'Intel Core i5-8500T', '8 GB', '240 SSD', 'Windows 10 Pro 64bits', 'MNVYP-9B883-THG6T-VCBYV-VT9TP', '365', 'creditos10@yamankutxrlgt.onmicrosoft.com', 'ESET endpoint 12.1.2057.3', 'Si', 1, '', '0000-00-00 00:00:00', '0000-00-00 00:00:00'),
(125, 10, 1, 'ACT000955', '3LRDLM3', 'Créditos', 'Jose Ramon Esteban Rojas', 'Asesor de Créditos', 'yk010cre003', 'esteban010', 'Escritorio', 1, 'DELL', 'Optiplex 3090', 'YK010CRE003', '10.62.31.34', 'Intel Core i5-10500T', '8GB', 'SSD 480GB+1TBHHD', 'Windows 10 Pro 64bits', 'N2HYY-JMTF7-92P33-Q43HY-43K86', '365', 'creditos10@yamankutxrlgt.onmicrosoft.com', 'ESET endpoint 12.1.2057.3', 'Si', 1, '', '0000-00-00 00:00:00', '0000-00-00 00:00:00'),
(126, 10, 1, 'ACT000242', 'MJ0AZAQ2', 'Créditos', 'Juan Gilbertino Lopez Diaz', 'Asesor de Créditos', 'yk010cre001', 'gilbertino10', 'Escritorio', 1, 'Lenovo', 'Thinkcenter M720', 'YK010CRE001', '10.62.31.31', 'Intel Core i5-8500T', '8 GB', '240GB SSD', 'Windows 10 Pro 64bits', 'MJ3VY-NTQH4-G42HH-KK6YQ-YBH22', '365', 'creditos10@yamankutxrlgt.onmicrosoft.com', 'ESET endpoint 12.1.2057.3', 'Si', 0, '', '0000-00-00 00:00:00', '0000-00-00 00:00:00'),
(127, 10, 1, 'ACT000238', 'MJ0A9000', 'Receptoria ', 'Cindy Magdalena Silvestre Cota', 'Receptor pagador ', 'yk010caj004', 'silvestre10', 'Escritorio', 1, 'Lenovo', 'Thinkcenter M720', 'YK010CAJ004', '10.62.31.24', 'Intel Core i5-8400', '8 GB', '500GB m.2', 'Windows 10 Pro 64bits', 'DN87W-3PMPC-VCR27-3FBKG-H8RC2', '2019', '63F6R-7C4JT-6YJ7J-DM639-MXFKZ', 'ESET endpoint 12.1.2057.3', 'Si', 0, '', '0000-00-00 00:00:00', '0000-00-00 00:00:00'),
(128, 10, 1, 'ACT000239', 'HS4PZ84', 'Receptoria ', 'Byron Andres Ordoñes Juan', 'Receptor pagador ', 'yk010caj003', 'ordoñez010', 'Escritorio', 1, 'DELL', 'Optiplex ', 'YK010CAJ003', '10.62.31.23', 'Intel Core i5-1400', '8 GB', '480GB M.2', 'Windows 11 Pro 64bits', '342BV-FN87J-JVFK4-KC2KG-3V66P', '365', 'infoconce@yamankutxrlgt.onmicrosoft.com', 'ESET endpoint 12.1.2057.3', 'Si', 0, '', '0000-00-00 00:00:00', '0000-00-00 00:00:00'),
(129, 10, 1, 'ACT000240', 'MJ0AZAP9', 'SecretarÍa', 'Juana Rosalinda Garcia Mateo', 'Atencion y cuentas nuevas', 'yk010sec001', 'diaz010', 'Escritorio', 1, 'Lenovo', 'Thinkcenter M720', 'YK010SEC001', '10.62.31.11', 'Intel Core i5-8500T', '8 GB', '480GB SSD', 'Windows 10 Pro 64bits', 'N8R47-7CGTC-M83GH-4FTW4-QGPKC', '2019', 'KDJFY-J3KTC-6WQRV-6LWK3-6KM9Z', 'ESET endpoint 12.1.2057.3', 'Si', 1, '', '0000-00-00 00:00:00', '0000-00-00 00:00:00'),
(130, 10, 1, 'ACT000241', 'MJ0AZAS4', 'SecretarÍa', 'Wendy Natividad Delgado Mendoza', 'Secretaria de Cuentas Nuevas', 'yk010sec002', 'mendoza010', 'Escritorio', 1, 'Lenovo', 'Thinkcenter M720', 'YK010SEC002', '10.62.31.12', 'Intel Core i5-8500T', '8GB', '256GB SSD', 'Windows 10 Pro 64 Bits', 'C2RMR-8NWVW-DG462-T2TR9-2YT6P', '2019', 'JPRQ3-2J6HQ-HP4D2-WYP73-Q9MVZ', 'ESET endpoint 12.1.2057.3', 'Si', 1, '', '0000-00-00 00:00:00', '0000-00-00 00:00:00'),
(131, 10, 1, 'ACT003486', 'PF5JJ8ND', 'Jefatura', 'Maria Concepcion Silvestre Ramirez', 'Subjefa de Agencia', 'yk010sub001', 'Silvestre#10', 'Laptop', 1, 'Lenovo', 'Tink Pad', 'YK010SUB001', '10.62.31.47', 'Core Ultra 5', '16GB', '480GB', 'W11', 'Pegado a la BIOS', '365', 'msilvestre@yamankutxrl.com', 'ESET endpoint 12.1.2057.3', 'Si', 1, '', '0000-00-00 00:00:00', '0000-00-00 00:00:00'),
(132, 10, 1, 'ACT000665', '20TES1BJ00', 'Jefatura', 'Augusto Ismael Montejo Cruz', 'Jefe de Agencia', 'ykimontejo', 'montejo010', 'Laptop', 1, 'Lenovo', 'ThinkPad E15', 'YK010JEF001', '10.62.31.46', ' Intel Core i5-1135G7', '16 GB', '480 TB', 'Windows 10 Pro 64bits', 'incorporada en la Bios', '365', 'augustomontejo@yamankutxrlgt.onmicrosoft.com', 'ESET endpoint 12.1.2057.3', 'Si', 1, '', '0000-00-00 00:00:00', '0000-00-00 00:00:00'),
(133, 11, 1, 'ACT001372', 'MJ0J53JK', 'Créditos', 'Dany Omar Lopez Carrillo', 'Asesor de Créditos', 'yk011cre004', 'garcia11', 'Escritorio', 1, 'LENOVO', 'ThinkCentre M70q', 'YK011CRE004', '10.62.80.34', 'Intel Core i5-10400T', '8GB', 'SSD 240 GB', 'windows 10 Pro 64 bits', 'WCNXJ-MK9M4-V9P2T-Q7K78-W44TG', '365', 'creditos11@yamankutxrlgt.onmicrosoft.com', 'ESET endpoint 12.1.2057.3', 'Si', 1, '', '0000-00-00 00:00:00', '0000-00-00 00:00:00'),
(134, 11, 1, 'ACT001128', 'DQD67N3', 'Créditos', 'Scarlet Vannesa Escobar Perez', 'Asesor de créditos', 'yk011cre001', 'escobar011', 'Escritorio', 1, 'DELL', 'Optiplex 3090', 'YK011CRE001', '10.62.80.90', 'Intel Core i5-10500T', '8GB', 'SSD 240 GB', 'windows 10 Pro 64bits', 'ND3DT-XB226-DRQWR-TQV3F-DJ3W6', '365', 'creditos11@yamankutxrlgt.onmicrosoft.com', 'ESET endpoint 12.1.2057.3', 'Si', 1, '', '0000-00-00 00:00:00', '0000-00-00 00:00:00'),
(135, 11, 1, 'ACT001127', 'JRD67N3', 'Créditos', 'Walter Ivan tello Salasar', 'Asesor de créditos', 'yk011cre003', 'tello011', 'Escritorio', 1, 'DELL', 'Optiplex 3090', 'YK011CRE003', '10.62.80.35', 'Intel Core i5-10500T', '8GB', 'SSD 240 GB', 'windows 10 Pro 64bits', 'HN8CD-3XFXJ-R9K27-3T843-63B6G', '365', 'creditos11@yamankutxrlgt.onmicrosoft.com', 'ESET endpoint 12.1.2057.3', 'Si', 1, '', '0000-00-00 00:00:00', '0000-00-00 00:00:00'),
(136, 11, 1, 'ACT001129', 'HRD67N3', 'Créditos', 'Roberto Erianel Díaz Mateo', 'Asesor de créditos', 'yk011cre002', 'erianel001', 'Escritorio', 1, 'DELL', 'Optiplex 3090', 'YK011CRE002', '10.62.80.32', 'Intel Core i5-10500T', '8GB', 'SSD 240 GB', 'windows 10 Pro 64bits', 'XMBD2-8NKRG-CDDQ9-RVHTW-29X86', '365', 'creditos11@yamankutxrlgt.onmicrosoft.com', 'ESET endpoint 12.1.2057.3', 'Si', 1, '', '0000-00-00 00:00:00', '0000-00-00 00:00:00'),
(137, 11, 1, 'ACT001161', 'GD0H2N3', 'Receptoria', 'Maria Elisa Lopez Juan', 'Recetor pagador', 'yk011caj005', 'caja11', 'Escritorio', 1, 'DELL', 'OPTIPLEX3090', 'YK011CAJ005', '10.62.80.22', 'Intel Core i5-10505', '8GB', '240GB', 'windows 10 Pro 64bits', 'incorporada en la Bios', '365', 'caja11@yamankutxrlgt.onmicrosoft.com', 'ESET endpoint 12.1.2057.3', 'Si', 1, '', '0000-00-00 00:00:00', '0000-00-00 00:00:00'),
(138, 11, 1, 'ACT001159', '1GLG2N3', 'Receptoria', 'Rosimari Lopez', 'Recetor pagador', 'yk011caj003', 'receptor11', 'Escritorio', 1, 'DELL', 'OPTIPLEX3090', 'YK011CAJ003', '10.62.80.24', 'Intel Core i5-10505', '8GB', 'SSD 240 GB', 'windows 10 Pro 64bits', 'Y37NH-R4QF8-33HJP-26V4J-RX9CT', '365', 'caja11@yamankutxrlgt.onmicrosoft.com', 'ESET endpoint 12.1.2057.3', 'Si', 1, '', '0000-00-00 00:00:00', '0000-00-00 00:00:00'),
(139, 11, 1, 'ACT001160', 'D7HG2N3', 'Receptoria', 'Veronica Magaly Garcia Juarez', 'Recetor pagador', 'yk011caj004', 'receptor11', 'Escritorio', 1, 'DELL', 'OPTIPLEX3090', 'YK011CAJ004', '10.62.80.26', 'Intel Core i5-10505', '8GB', '240GB', 'windows 10 Pro 64bits', 'incorporada en la Bios', '365', 'caja11@yamankutxrlgt.onmicrosoft.com', 'ESET endpoint 12.1.2057.3', 'Si', 1, '', '0000-00-00 00:00:00', '0000-00-00 00:00:00'),
(140, 11, 1, 'ACT001125', '1FPFGF2', 'SecretarÍa', 'Pendiente de confirmar', 'Atencion y cuentas nuevas', 'yk011sec005', 'secretaria11', 'AIO', 1, 'DELL', 'Inspirion 5400 AIO', 'YK011SEC005', '10.62.80.13', 'Intel Core i5-1135G7', '12GB', '240SSD 1TB HDD', 'windows 11 Pro 64bits', 'TCF6N-DGTBD-FWVKF-6F733-TCQGT', '365', 'secretaria12@yamankutxrlgt.onmicrosoft.com', 'ESET endpoint 12.1.2057.3', 'Si', 1, '', '0000-00-00 00:00:00', '0000-00-00 00:00:00'),
(141, 11, 1, 'ACT001124', '1CPFGF2', 'SecretarÍa', 'Jennifer Andrea Hernández Agustin', 'Atencion y cuentas nuevas', 'yk011sec001', 'secretaria11', 'AIO', 1, 'DELL', 'Inspirion 5400 AIO', 'yk011SEC001', '10.62.80.11', 'Intel Core i5-1135G7', '12GB', '240SSD 1TB HDD', 'windows 11 Pro 64bits', 'TCF6N-DGTBD-FWVKF-6F733-TCQGT', '365', 'secretaria12@yamankutxrlgt.onmicrosoft.com', 'ESET endpoint 12.1.2057.3', 'Si', 1, '', '0000-00-00 00:00:00', '0000-00-00 00:00:00'),
(142, 11, 1, 'ACT001126', 'BJPFGF2', 'SecretarÍa', 'Andrea Jimena Castillo Gutierrez', 'Atencion y cuentas nuevas', 'yk011sec004', 'castillo011', 'AIO', 1, 'DELL', 'Inspirion 5400 AIO', 'YK011SEC004', '10.62.80.200', 'Intel Core i5-1135G7', '12GB', '240SSD 1TB HDD', 'windows 11 Pro 64bits', 'TCF6N-DGTBD-FWVKF-6F733-TCQGT', '365', 'secretaria12@yamankutxrlgt.onmicrosoft.com', 'ESET endpoint 12.1.2057.3', 'Si', 1, '', '0000-00-00 00:00:00', '0000-00-00 00:00:00'),
(143, 11, 1, 'ACT001157', 'C19HFG3', 'Jefatura', 'Shirley Liliana Samayoa Shutuc', 'Subjefa de Agencia', 'yk011sub001', 'Samayoa011', 'Laptop', 1, 'DELL', 'Latitude 5520', 'YK011SUB001', '10.62.80.47', 'Intel Core i5-1135GT', '8GB', '500GB M2', 'windows 10 Pro  64 bits', 'C9JJV-4PNJR-CGBD2-WVWXF-9W3GP', '365', 'ssamayoa@yamankutxrl.com', 'ESET endpoint 12.1.2057.3', 'Si', 1, '', '0000-00-00 00:00:00', '0000-00-00 00:00:00'),
(144, 11, 1, 'ACT001091', '5CD2035MDR', 'Jefatura', 'Sergio Benjamin López Merida', 'Jefe de Agencia', 'yk011jef001', 'SBlopez011', 'Laptop', 1, 'HP', 'Probook ', 'YK011JEF001', '10.62.80.41', 'Intel Core i7-1165G7', '8GB', 'SSD 500GB', 'win11 pro 64bits', 'NF6HC-QH89W-F8WYV-WWXV4-WFG6P', '365', 'mmontejo@yamankutxrlgt.onmicrosoft.com', 'ESET endpoint 12.1.2057.3', 'Si', 1, '', '0000-00-00 00:00:00', '0000-00-00 00:00:00'),
(145, 12, 1, 'ACT001130', 'DJRDLM3', 'Créditos', 'Wilmer Mariano Hurtado Camposeco', 'rotativo', 'yk012cre001', 'Camposeco12', 'Escritorio', 1, 'DELL', 'Optiplex 3090', 'YK012CRE001', '10.62.85.31', 'Intel Core i5-10500T', '8GB', 'SSD 240GB+1TBHHD', 'windows 10 pro 64bits', 'HBRYN-V7YVW-FXMKR-YMR39-XKX86', '365', 'creditos12@yamankutxrlgt.onmicrosoft.com', 'ESET endpoint 12.1.2057.3', 'Si', 1, '', '0000-00-00 00:00:00', '0000-00-00 00:00:00'),
(146, 12, 1, 'Pendiene', 'D9L9LM3', 'Créditos', 'Henri Castillo Diaz', 'Asesor de Créditos', 'yk012cre005', 'creditos012', 'Escritorio', 1, 'DELL', 'Optiplex 3090', 'YK012CRE005', '10.62.85.35', 'Intel Core i5-10500T', '8GB', 'SSD 240GB', 'windows 10 pro 64bits', 'CX9N3-W9F32-8WDJX-BB2C2-MP22T', '365', 'creditos12@yamankutxrlgt.onmicrosoft.com', 'ESET endpoint 12.1.2057.3', 'Si', 1, '', '0000-00-00 00:00:00', '0000-00-00 00:00:00'),
(147, 12, 1, 'ACT001131', 'GLRDLM3', 'Créditos', 'Trinidad Alberto Méndez Silvestre', 'Asesor de Créditos', 'yk012cre002', 'Mendez126.', 'Escritorio', 1, 'DELL', 'Optiplex 3090', 'YK012CRE002', '10.62.85.32', 'Intel Core i5-10500T', '8GB', 'SSD 240GB+1TBHHD', 'windows 10 pro 64bits', 'DRG9N-98JJK-F94WX-6PFMY-6VKCT', '365', 'creditos12@yamankutxrlgt.onmicrosoft.com', 'ESET endpoint 12.1.2057.3', 'Si', 1, '', '0000-00-00 00:00:00', '0000-00-00 00:00:00'),
(148, 12, 1, 'ACT000953', 'GKRDLM3', 'Créditos', 'Jose Ramon Raymundo Esteban', 'Asesor de Créditos', 'yk012cre004', 'raymundo12', 'Escritorio', 1, 'DELL', 'Optiplex 3090', 'YK012CRE004', '10.62.85.34', 'Intel Core i5-10500T', '8GB', 'SSD 240GB', 'windows 10 pro 64bits', 'TJNWG-R9B4W-48QH4-F6WKD-T6P2T', '365', 'creditos12@yamankutxrlgt.onmicrosoft.com', 'ESET endpoint 12.1.2057.3', 'Si', 1, '', '0000-00-00 00:00:00', '0000-00-00 00:00:00'),
(149, 12, 1, 'Pendiene', '15H9LM3', 'Créditos', 'No hay asesor', 'Asesor de Créditos', 'yk012cre003', 'creditos012', 'Escritorio', 1, 'DELL', 'Optiplex 3090', 'YK012CRE003', '10.62.85.33', 'Intel Core i5-10500T', '8GB', 'SSD 240GB', 'windows 10 pro 64bits', 'YMBD9-WNGBJ-YF7YK-JY3M8-33XCT', '365', 'creditos12@yamankutxrlgt.onmicrosoft.com', 'ESET endpoint 12.1.2057.3', 'Si', 1, '', '0000-00-00 00:00:00', '0000-00-00 00:00:00'),
(150, 12, 1, 'Act001143', '1Q0R2Q3', 'Receptoria', 'Nayeli Yaneth Garcia Hernanedz', 'Receptor Pagador', 'yk012caj002', 'micoope', 'Escritorio', 1, 'DELL', 'Optiplex 3090', 'YK012CAJ002', '10.62.85.21', 'Intel core i5-10505', '8GB', 'SSD 480 GB', 'windows 10 pro 64 bits', 'incorporada en la Bios', '365', 'caja12@yamankutxrlgt.onmicrosoft.com', 'ESET endpoint 12.1.2057.3', 'Si', 1, '', '0000-00-00 00:00:00', '0000-00-00 00:00:00'),
(151, 12, 1, 'ACT001142', '8R3R2Q3', 'Receptoria', 'Brenelin Fabiola Garcia Mateo', 'Receptor Pagador', 'YK012caj001', 'micoope', 'Escritorio', 1, 'DELL', 'Optiplex 3090', 'YK012CAJ001', '10.62.85.21', 'Intel core i5-10505', '8GB', 'SSD 480 GB', 'windows 10 pro 64 bits', 'TGNWX-YBJGG-6HTVG-KKMCC-YKM6G', '365', 'caja12@yamankutxrlgt.onmicrosoft.com', 'ESET endpoint 12.1.2057.3', 'Si', 1, '', '0000-00-00 00:00:00', '0000-00-00 00:00:00'),
(152, 12, 1, 'ACT001133', '3FPFGF2', 'SecretarÍa', 'Sherly Mishel Cruz Mendoza', 'Atencion y cuentas nuevas', 'yk012sec004', 'secretaria12', 'AIO', 1, 'DELL', 'Inspirion 5400 AIO', 'YK012SEC004', '10.62.85.12', 'Intel Core i5-1135G7', '12GB', 'SSD 240/1TB', 'windows11 pro 64', 'incorporada en la Bios', '365', 'secretaria12@yamankutxrlgt.onmicrosoft.com', 'ESET endpoint 12.1.2057.3', 'Si', 1, '', '0000-00-00 00:00:00', '0000-00-00 00:00:00'),
(153, 12, 1, '', 'MP2B5EK0', 'SecretarÍa', 'Carla De Leon Domingo', 'Atencion y cuentas nuevas', 'yk012sec003', 'secretaria12', 'AIO', 1, 'LENOVO', 'IDEA CENTRE', 'YK012SEC003', '10.62.85.11', 'Core i7 - 13620H', '32 GB', '1TB', 'windows 11 pro 64bits', 'incorporada en la Bios', '365', 'secretaria12@yamankutxrlgt.onmicrosoft.com', 'ESET endpoint 12.1.2057.3', 'Si', 1, '', '0000-00-00 00:00:00', '0000-00-00 00:00:00'),
(154, 12, 1, 'ACT001797', '9W63QT3', 'Ventanilla Especial', 'Karen Abigail Delgado Delgado', 'Ventanilla Especial', 'yk012ven001', 'ventanilla', 'Escritorio', 1, 'DELL', 'Optiplex 3000', 'YK012VEN001', '10.62.85.13', 'Intel Core i5-12500', '8GB', 'SSD 500GB', 'windows 10 pro 64 bits', 'BP3N9-RRCH7-42DY7-Y7JWR-36986', '365', 'secretaria12@yamankutxrlgt.onmicrosoft.com', 'ESET endpoint 12.1.2057.3', 'Si', 1, '', '0000-00-00 00:00:00', '0000-00-00 00:00:00'),
(155, 12, 1, 'ACT001373', '1KTTDL3', 'Jefatura', 'Kevin David Hurtado Camposeco', 'Jefe de Agencia', 'yk012jef001', 'hurtado012', 'Laptop', 1, 'DELL', 'Latitude 5520', 'YK012JEF001', '10.62.85.46', 'Intel Core i5-1135G7', '8GB', 'SSD 500GB', 'windows 10 pro 64 bits', '4MN4C-6F366-47P8T-TX78G-VCFTG', '365', 'khurtado@yamankutxrlgt.onmicrosoft.com', 'ESET endpoint 12.1.2057.3', 'Si', 1, '', '0000-00-00 00:00:00', '0000-00-00 00:00:00'),
(156, 12, 1, 'ACT001374', '3KTTDL3', 'Jefatura', 'Ana Maribel Camposeco Cruz', 'Subjefa de Agencia', 'yk012sub001', 'agencia12', 'Laptop', 1, 'Dell', 'Latitude 5520', 'YK012SUB001', '10.62.85.47', 'Intel Core i5-1135G7', '8GB', 'SSD240', 'Windows 10 Pro', 'NMQGW-3J8HQ-WCQYM-YVQV6-7222T', '365', 'acoamposeco@yamankutxrlgt.onmicrosoft.com', 'ESET endpoint 12.1.2057.3', 'Si', 1, '', '0000-00-00 00:00:00', '0000-00-00 00:00:00'),
(157, 13, 1, 'ACT001483', '5P9XKQ3', 'Caja', 'Maria Guadalupe Camposeco Jacinto', 'Recetor pagador', 'yk013caj001', 'montejo013', 'Escritorio', 1, 'DELL', 'Optiplex 3000', 'YK013CAJ001', '10.62.94.21', 'Intel Core i5-1135G7', '8GB', 'SSD 500GB', 'Windows 10 Pro 64bits', 'VVWER-YQRTE-YRTW2-JN62V-Q7NQ2', '365', 'caja13@yamankutxrlgt.onmicrosoft.com', 'ESET endpoint 12.1.2057.3', 'Si', 1, '', '0000-00-00 00:00:00', '0000-00-00 00:00:00'),
(158, 13, 1, 'ACT001484', '7YDXKQ3', 'Caja', 'Bernardo Ediberto Cardenas Aguilar', 'Recetor pagador', 'yk013caj002', 'receptor13', 'Escritorio', 1, 'DELL', 'Optiplex 3000', 'YK013CAJ002', '10.62.94.22', 'Intel Core i5-1135G7', '8GB', 'SSD 500GB', 'Windows 10 Pro 64bits', 'RQWET-23RCX-PQRTV-GW443-X2KNY', '365', 'caja13@yamankutxrlgt.onmicrosoft.com', 'ESET endpoint 12.1.2057.3', 'Si', 1, '', '0000-00-00 00:00:00', '0000-00-00 00:00:00'),
(159, 13, 1, 'ACT001481', '71ZS6Q3', 'Créditos', 'Víctor Alfonso Cota Martínez', 'Asesor de Créditos', 'yk013cre001', 'asesor13', 'Escritorio', 1, 'DELL', 'Optiplex 3000', 'YK013CRE001', '10.62.94.31', 'Intel Core i5-1135G7', '8GB', 'SSD 500GB', 'Windows 10 Pro 64bits', 'M98XC-38V62-NRQWE-X45KK-THGW4', '365', 'creditos13@yamankutxrlgt.onmicrosoft.com', 'ESET endpoint 12.1.2057.3', 'Si', 1, '', '0000-00-00 00:00:00', '0000-00-00 00:00:00'),
(160, 13, 1, 'ACT001482', '8FZS6Q3', 'Créditos', 'Selvin De Jesus Silvestre Cruz', 'Asesor de Créditos', 'yk013cre002', 'silvestre13', 'Escritorio', 1, 'DELL', 'Optiplex 3000', 'YK013CRE002', '10.62.94.32', 'Intel Core i5-1135G7', '8GB', 'SSD 500GB', 'Windows 10 Pro 64bits', 'RTV3X-NGP36-RQGKW-MDXFM-CWF9C', '365', 'creditos13@yamankutxrlgt.onmicrosoft.com', 'ESET endpoint 12.1.2057.3', 'Si', 1, '', '0000-00-00 00:00:00', '0000-00-00 00:00:00'),
(161, 13, 1, 'ACT002192', '6C0XPV3', 'Créditos', 'Santiago López Díaz', 'Asesor de Créditos', 'yk013cre004', 'hernandez013', 'Escritorio', 1, 'DELL', 'Optiplex 7010', 'YK013CRE004', '10.62.94.34', 'Intel Core i5-13500T', '8GB', 'SSD 500GB', 'Windows 11 Pro 64bits', 'N33V3-9KKBK-FBGYW-KDQ6P-7CFTG', '365', 'creditos13@yamankutxrlgt.onmicrosoft.com', 'ESET endpoint 12.1.2057.3', 'Si', 1, '', '0000-00-00 00:00:00', '0000-00-00 00:00:00'),
(162, 13, 1, 'ACT002191', '680XPV3', 'Créditos', 'Santiago López López', 'Asesor de Créditos', 'yk013cre003', 'agencia013', 'Escritorio', 1, 'DELL', 'Optiplex 7010', 'YK013CRE003', '10.62.94.33', 'Intel Core i5-13500T', '8GB', 'SSD 500GB', 'Windows 11 Pro 64 gits', 'FBNVB-PRG7G-8YFHJ-FX964-W8GPT', '365', 'creditos13@yamankutxrlgt.onmicrosoft.com', 'ESET endpoint 12.1.2057.3', 'Si', 1, '', '0000-00-00 00:00:00', '0000-00-00 00:00:00'),
(163, 13, 1, 'ACT001498', '5CPFGF2', 'SecretarÍa', 'Yasmin Alextandra Montejo Quiñonez', 'Atencion y cuentas nuevas', 'yk013sec001', 'montejo013', 'AIO', 1, 'DELL', 'Inspirion 5400', 'YK013SEC001', '10.62.94.11', 'Intel Core i5-1135G7', '8GB', '240GBSSD/1THDD', 'Windows 11 Pro 64bits', 'PTW22-MWJDH-XHKJX-GVGJ7-HDM47', '365', 'secretaria13@yamankutxrlgt.onmicrosoft.com', 'ESET endpoint 12.1.2057.3', 'Si', 1, '', '0000-00-00 00:00:00', '0000-00-00 00:00:00'),
(164, 13, 1, 'ACT001499', '4CPFGF2', 'SecretarÍa', 'Antonia Aracely Alvarado Camposeco', 'Atencion y cuentas nuevas', 'yk013sec002', 'camposeco13', 'AIO', 1, 'DELL', 'Inspirion 5400', 'YK013SEC002', '10.62.94.12', 'Intel Core i5-1135G7', '8GB', '240GBSSD/1THDD', 'Windows 11 Pro 64bits', '36BR9-YJV9W-XYX7W-8B9Q2-XXCR8', '365', 'secretaria13@yamankutxrlgt.onmicrosoft.com', 'ESET endpoint 12.1.2057.3', 'Si', 1, '', '0000-00-00 00:00:00', '0000-00-00 00:00:00'),
(165, 13, 1, 'ACT001502', '30TTDL3', 'Jefatura', 'Nery Esequiel Hernanrez Ros', 'Jefe de Agencia', 'yk013jef001', 'jefe13', 'Laptop', 1, 'DELL', 'Latitude 5520', 'YK013JEF001', '10.62.94.46', 'Intel Core i5-1135G7', '16GB', 'SSD 500GB', 'Windows 10 Pro 64 gits', 'TRMNK-3ER4T-CWRTV-KKWRT-QWY3X', '365', 'nhernandez@yamankutxrlgt.onmicrosoft.com', 'ESET endpoint 12.1.2057.3', 'Si', 1, '', '0000-00-00 00:00:00', '0000-00-00 00:00:00'),
(166, 13, 1, 'ACTOO1768', 'PF41KGRD', 'SubJefatura', 'Dominga Victoria Díaz Díaz', 'Subjefa de Agencia', 'yk013sub001', 'diaz013', 'Laptop', 1, 'Lenovo', 'ThinkPad E15', 'YK013SUB001', '10.62.94.47', 'Intel Core i5-1135G7', '16GB', 'SSD 500GB', 'Windows 11 Pro 64bits', 'TJNMW-C8DMJ-XRRB3-9MWYK-M99CT', '365', 'vdiaz@yamankutxrl.com', 'ESET endpoint 12.1.2057.3', 'Si', 1, '', '0000-00-00 00:00:00', '0000-00-00 00:00:00'),
(167, 14, 1, 'ACT001777', '1X81YS3', 'Caja', 'Luis Otoniel Ramírez Nolasco', 'Rceptor Pagador', 'yk014caj001', 'caja014', 'Escritorio', 1, 'DELL', 'Optiplex 3000', 'YK014CAJ001', '10.62.131.21', 'Intel Core i5-12500', '8GB', 'SSD 240', 'Windows 10 Pro 64 gits', 'X37NV-D32T2-HBR68-DKRVT-MKM6G', '365', 'caja14@yamankutxrlgt.onmicrosoft.com', 'ESET endpoint 12.1.2057.3', 'Si', 1, '', '0000-00-00 00:00:00', '0000-00-00 00:00:00'),
(168, 14, 1, 'ACT001778', 'BM81YS3', 'Caja', 'Kimberly Anali Gomez Garcia', 'Rceptor Pagador', 'yk014caj002', 'caja014', 'Escritorio', 1, 'DELL', 'Optiplex 3000', 'YK014CAJ002', '10.62.131.22', 'Intel Core i5-12500', '8GB', 'SSD 240', 'Windows 10 Pro 64 gits', 'WCNXJ-MK9M4-V9P2T-Q7K78-W44TG', '365', 'caja14@yamankutxrlgt.onmicrosoft.com', 'ESET endpoint 12.1.2057.3', 'Si', 1, '', '0000-00-00 00:00:00', '0000-00-00 00:00:00'),
(169, 14, 1, 'ACT001779', '3M81YS3', 'Caja', 'No hay receptor', 'Rceptor Pagador', 'yk014caj003', 'kimberly14', 'Escritorio', 1, 'DELL', 'Optiplex 3000', 'YK014CAJ003', '10.62.131.23', 'Intel Core i5-12500', '8GB', 'SSD 240', 'Windows 10 Pro 64 gits', 'NK28C-KKHDC-PDMDY-FQ4HF-8B49C', '365', 'caja14@yamankutxrlgt.onmicrosoft.com', 'ESET endpoint 12.1.2057.3', 'Si', 1, '', '0000-00-00 00:00:00', '0000-00-00 00:00:00'),
(170, 14, 1, 'ACT001800', '4DKVRT3', 'Créditos', 'Hairo Haroldo López Mendez', 'Asesor de créditos', 'yk014cre001', 'creditos1', 'Escritorio', 1, 'DELL', 'Optiplex 3000', 'YK014CRE001', '10.62.131.31', 'Intel Core i5-12500T', '8GB', 'SSD 240', 'Windows 10 Pro 64 gits', 'NF6HC-QH89W-F8WYV-WWXV4-WFG6P', '365', 'creditos14@yamankutxrlgt.onmicrosoft.com', 'ESET endpoint 12.1.2057.3', 'Si', 1, '', '0000-00-00 00:00:00', '0000-00-00 00:00:00'),
(171, 14, 1, 'ACT001801', 'FPRVRT3', 'Créditos', 'Erick Gudiel Villatoro Velásquez', 'Asesor de créditos', 'yk014cre002', 'Villatoro014', 'Escritorio', 1, 'DELL', 'Optiplex 3000', 'YK014CRE002', '10.62.131.32', 'Intel Core i5-12500T', '8GB', 'SSD 240', 'Windows 10 Pro 64 gits', 'XVCGN-WB79G-MWPK9-GRJYQ-FM6PT', '365', 'creditos14@yamankutxrlgt.onmicrosoft.com', 'ESET endpoint 12.1.2057.3', 'Si', 1, '', '0000-00-00 00:00:00', '0000-00-00 00:00:00'),
(172, 14, 1, 'ACT001802', '8PRVRT3', 'Créditos', 'Ender Mijail Ramírez Hernández', 'Asesor de créditos', 'yk014cre003', 'creditos3', 'Escritorio', 1, 'DELL', 'Optiplex 3000', 'YK014CRE003', '10.62.131.33', 'Intel Core i5-12500T', '8GB', 'SSD 240', 'Windows 10 Pro 64 gits', 'RBCN6-827FXWK78K-2K7B6-8TYP2', '365', 'creditos14@yamankutxrlgt.onmicrosoft.com', 'ESET endpoint 12.1.2057.3', 'Si', 1, '', '0000-00-00 00:00:00', '0000-00-00 00:00:00'),
(173, 14, 1, 'ACT001815', 'CV5FDF2', 'SecretarÍa', 'Sayuri Lucas Ramírez', 'Atencion y cuentas nuevas', 'yk014sec001', 'Solitoes55', 'AIO', 1, 'DELL', 'Inspiron 24-5400', 'YK014SEC001', '10.62.131.11', 'intel core i5', '12GB', '1TB + 250GB', 'Windows 11 pro 64bits', 'G4FNR-QCYRQ-BH466-66237-FJRC6', '365', 'infolibertad@yamankutxrl.com', 'ESET endpoint 12.1.2057.3', 'Si', 1, 'Se formateo la computadora 19/11/2025', '0000-00-00 00:00:00', '0000-00-00 00:00:00'),
(174, 14, 1, 'ACT001816', '156FDF2', 'SecretarÍa', 'Sin Secretaria', 'Atencion y cuentas nuevas', 'yk014sec002', 'secretaria002', 'AIO', 1, 'DELL', 'Inspiron 24-5400', 'YK014SEC002', '10.62.131.12', 'intel core i5', '12GB', '1TB + 250GB', 'Windows 11 pro 64bits', 'HMQB6-N3HW4-8MG8J-FCY29-FRG6T', '365', 'infolibertad@yamankutxrl.com', 'ESET endpoint 12.1.2057.3', 'Si', 1, '', '0000-00-00 00:00:00', '0000-00-00 00:00:00'),
(175, 14, 1, 'ACT001817', 'DQ5FDF2', 'SecretarÍa', 'Guadalupe Beatriz Pérez García', 'Atencion y cuentas nuevas', 'yk014sec003', 'secretaria003', 'AIO', 1, 'DELL', 'Inspiron 24-5400', 'YK014SEC003', '10.62.131.15', 'intel core i5', '12GB', '1TB + 250GB', 'Windows 11 pro 64bits', 'DCXHQ-4WNQV-RM3T2-8PM3G-8TYP6', '365', 'infolibertad@yamankutxrl.com', 'ESET endpoint 12.1.2057.3', 'Si', 1, '', '0000-00-00 00:00:00', '0000-00-00 00:00:00'),
(176, 14, 1, 'ACT001930', 'PF431GS5', 'Jefe de Agencia', 'Candelario Eriberto Domingo Delgado', 'Jefe de Agencia', 'yk014jef001', 'delgado014', 'Laptop', 1, 'Lenovo', 'ThinkPad E15', 'YK014JEF001', '10.62.131.41', 'Intel Core i5-1235U', '16GB', 'SSD 500GB', 'Windows 10 Pro 64 gits', 'PTW22-MWJDH-XHKJX-GVGJ7-HDM47', '365', 'eribertodmingo@yamankutxrl.com', 'ESET endpoint 12.1.2057.3', 'Si', 1, '', '0000-00-00 00:00:00', '0000-00-00 00:00:00'),
(177, 14, 1, 'ACT002044', 'PF4CFCD6', 'Subjefatura', 'Yuri Lisbeth Martinez Hidalgo', 'Sub Jefa de Agencia', 'yk014sub001', 'Hidalgo014', 'Laptop', 1, 'Lenovo', 'ThinkPad E15', 'YK014SUB001', '10.62.131.45', 'Intel Core i7-1255U', '16GB', 'SSD 500GB', 'Windows 10 Pro 64 gits', 'BKRN7-69QXG-7848M-YXPFF-6Q8GG', '365', 'hidalgo@yamankutxrl.com', 'ESET endpoint 12.1.2057.3', 'Si', 1, '', '0000-00-00 00:00:00', '0000-00-00 00:00:00'),
(178, 15, 1, 'ACT002208', '78H8WV3', 'Caja', 'Vilma Anabelia Domingo Morales', 'Receptor Pagador', 'yk015caj001', 'receptor015', 'Escritorio', 1, 'DELL', 'Optiplex 7010', 'YK015CAJ001', '10.62.30.21', 'Intel Core i5-13500', '8GB', 'SSD 250GB', 'Windows 11 Pro 64 bits', 'licencia en la bios', '365', 'infolademocracia@yamankutxrl.com', 'ESET endpoint 12.1.2057.3', 'Si', 1, '', '0000-00-00 00:00:00', '0000-00-00 00:00:00'),
(179, 15, 1, 'ACT002207', '8H8WV3', 'Caja', 'Heidy Yoseline Michell Lazaro Nolasco', 'Receptor Pagador', 'yk015caj002', 'receptor015', 'Escritorio', 1, 'DELL', 'Optiplex 7010', 'YK015CAJ002', '10.62.30.22', 'Intel Core i5-13500', '8GB', 'SSD 250GB', 'Windows 11 Pro 64 bits', 'licencia en la bios', '365', 'infolademocracia@yamankutxrl.com', 'ESET endpoint 12.1.2057.3', 'Si', 1, '', '0000-00-00 00:00:00', '0000-00-00 00:00:00'),
(180, 15, 1, 'ACT002209', '29H8WV3', 'Caja', 'Sin Receptor', 'Receptor Pagador', 'yk015caj003', 'receptor015', 'Escritorio', 1, 'DELL', 'Optiplex 7010', 'YK015CAJ003', '10.62.30.23', 'Intel Core i5-13500', '8GB', 'SSD 250GB', 'Windows 11 Pro 64 bits', 'licencia en la bios', '365', 'infolademocracia@yamankutxrl.com', 'ESET endpoint 12.1.2057.3', 'Si', 1, '', '0000-00-00 00:00:00', '0000-00-00 00:00:00'),
(181, 15, 1, 'ACT002213', '1W256X3', 'Créditos', 'Mateo Cristian de Jesús Pérez Méndez', 'Asesor de Créditos', 'yk015cre005', 'creditos001', 'Escritorio', 1, 'DELL', 'Optiplex micro7010', 'YK015CRE005', '10.62.30.43', 'Intel Core i5-13500T', '8GB', 'SSD 480', 'Windows 11 Pro 64 bits', 'licencia en la bios', '365', 'creditos15@coopeyamankutx.onmicrosoft.com', 'ESET endpoint 12.1.2057.3', 'Si', 1, '', '0000-00-00 00:00:00', '0000-00-00 00:00:00'),
(182, 15, 1, 'ACT002214', '6NGK7Y3', 'Créditos', 'Wailin Denilson Hernández Martinez', 'Asesor de Créditos', 'yk015cre002', 'creditos002', 'Escritorio', 1, 'DELL', 'Optiplex micro7010', 'YK015CRE002', '10.62.30.32', 'Intel Core i5-13500T', '8GB', 'SSD 480GB', 'Windows 11 Pro 64 bits', 'licencia en la bios', '365', 'creditos15@coopeyamankutx.onmicrosoft.com', 'ESET endpoint 12.1.2057.3', 'Si', 1, '', '0000-00-00 00:00:00', '0000-00-00 00:00:00'),
(183, 15, 1, 'ACT002215', '40H8WV3', 'Créditos', 'Herbert Odany Ramírez Méndez', 'Asesor de Créditos', 'yk015cre003', 'creditos003', 'Escritorio', 1, 'DELL', 'Optiplex micro7010', 'YK015CRE003', '10.62.30.33', 'Intel Core i5-13500T', '8GB', 'SSD 480GB', 'Windows 11 Pro 64 bits', 'licencia en la bios', '365', 'creditos15@coopeyamankutx.onmicrosoft.com', 'ESET endpoint 12.1.2057.3', 'Si', 1, '', '0000-00-00 00:00:00', '0000-00-00 00:00:00'),
(184, 15, 1, 'ACT002216', '51H8WV3', 'Créditos', 'Sin Asesor', 'Asesor de Créditos', 'yk015cre004', 'creditos004', 'Escritorio', 1, 'DELL', 'Optiplex micro7010', 'YK015CRE004', '10.62.30.34', 'Intel Core i5-13500T', '8GB', 'SSD 480GB', 'Windows 11 Pro 64 bits', 'licencia en la bios', '365', 'Sin Licencia', 'ESET endpoint 12.1.2057.3', 'Si', 1, '', '0000-00-00 00:00:00', '0000-00-00 00:00:00'),
(185, 15, 1, 'ACT002205', 'G617WX3', 'SecretarÍa', 'Lisbeth Analisa Lopez Lucas', 'Atencion y cuenta nuevas', 'yk015sec002', 'secretaria015', 'Escritorio', 1, 'DELL', 'Inspiron 24 5420 All-in-One', 'YK015SEC002', '10.62.30.13', 'Intel Core i7-1355U', '16GB', 'SSD 250GB', 'Windows 11 Pro 64 bits', 'XN2YT-Y8G8G-2XCXK-KWFQG-BP2R8', '365', 'infolademocracia@yamankutxrl.com', 'ESET endpoint 12.1.2057.3', 'Si', 1, '', '0000-00-00 00:00:00', '0000-00-00 00:00:00'),
(186, 15, 1, 'ACT002206', '52XY7Y3', 'SecretarÍa', 'Sara Sofía Román Cifuentes', 'Atencion y cuenta nuevas', 'yk015sec001', 'secretaria015', 'AIO', 1, 'DELL', 'Inspiron 24 5420 All-in-One', 'YK015SEC001', '10.62.30.11', 'Intel Core i7-1355U', '16GB', 'SSD 250GB-1TB', 'Windows 11 Pro 64 bits', 'PNRJP-YVM98-P2KCG-QJYTC-CKCKF', '365', 'infolademocracia@yamankutxrl.com', 'ESET endpoint 12.1.2057.3', 'Si', 1, '', '0000-00-00 00:00:00', '0000-00-00 00:00:00'),
(187, 15, 1, 'ACT002224', 'PF4JZRDB', 'Jefatura', 'Nelson Danllely Díaz Cruz', 'Jefe de agencia', 'yk015jef001', 'Nelson126#', 'Laptop', 1, 'Lenovo', 'ThinkPad E16', 'YK015JEF004', '10.62.30.55', 'Intel Core i7-1355U', '16GB', 'SSD 480GB', 'Windows 11 Pro 64 bits', 'licencia en la bios', '365', 'Pendiente', 'ESET endpoint 12.1.2057.3', 'Si', 1, '', '0000-00-00 00:00:00', '0000-00-00 00:00:00'),
(188, 15, 1, 'ACT002225', 'PF4KK7PD', 'Subjefatura', 'Seydi Karina Aguilar', 'Subjefa de agencia', 'yk015sub001', 'Aguilar015#', 'Laptop', 1, 'Lenovo', 'ThinkPad E16 Gen 1', 'YK015SUB001', '10.62.30.42', 'Intel Core i7-1355U', '16 GiB', 'SSD 480 GiB', 'Windoes 11 Pro 64 bits', 'Licencia en la bios', '365', 'aguilar@yamankutxrl.com', 'ESET endpoint 12.1.2057.3', 'Si', 1, '', '0000-00-00 00:00:00', '0000-00-00 00:00:00'),
(189, 16, 1, 'ACT002728', 'PF4VTH9A', 'Jefatura', 'Marlen  Sulemy García', 'Subjefa', 'yk016sub001', 'Mgarcia016', 'Laptop', 1, 'Lenovo', 'ThinkPad E16', 'YK016SUB001', '10.62.104.41', 'Core i7', '16GB', '480GB', 'Win 11 PRO', 'Pegada en la Bios', '365', '', 'ESET endpoint 12.1.2057.3', 'Si', 0, '', '0000-00-00 00:00:00', '0000-00-00 00:00:00'),
(190, 16, 1, 'ACT003291', 'PF5B5Y5Y', 'Jefe de Agencia', 'Cristobal Roberto Lopez Diaz', 'Jefatura', 'yk016cre001', '#Clopez#16', 'Laptop', 1, 'Lenovo', 'ThinkPad E16 2gen', 'YK016JEF001', '10.62.104.46', 'Core Ultra 7 155U', '16GB', '480GB', 'Win 11 PRO', 'Pegada en la Bios', '365', 'clopez@yamankutxrl.com', 'ESET endpoint 12.1.2057.3', 'Si', 0, '', '0000-00-00 00:00:00', '0000-00-00 00:00:00'),
(191, 16, 1, 'ACT002715', 'GLZW624', 'Créditos', 'Flavio Enrique Velazquez', 'Asesor', 'yk016cre001', 'creditos16', 'Desktop', 1, 'Dell', 'Optiplex Micro 7010', 'YK016CRE001', '10.62.104.31', 'Core I5-13500T', '8GB', '480GB', 'Win 11 PRO', 'Pegada en la Bios', '365', 'creditos16@coopeyamankutx.onmicrosoft.com', 'ESET endpoint 12.1.2057.3', 'Si', 0, '', '0000-00-00 00:00:00', '0000-00-00 00:00:00'),
(192, 16, 1, 'ACT002722', '9F0NT14', 'SecretarÍa', 'Yeset Maribel Herrera Leiva', 'Secretaria', 'yk016sec003', 'secretaria16', 'Desktop', 1, 'Dell', 'Optiplex Micro 7010', 'YK016SEC003', '10.62.104.13', 'Core i5-13500', '8GB', '480GB', 'Win 11 PRO', 'Pegada en la Bios', '365', 'infotajumuco@yamankutxrl.com', 'ESET endpoint 12.1.2057.3', 'Si', 0, '', '0000-00-00 00:00:00', '0000-00-00 00:00:00'),
(193, 16, 1, 'ACT002721', '1G0NT14', 'SecretarÍa', 'Mireidy Sharinet López Herrera', 'Secretaria', 'yk016sec001', 'secretaria16', 'Desktop', 1, 'Dell', 'Optiplex Micro 7010', 'YK016SEC001', '10.62.104.12', 'core i5-13500', '8GB', '480GB', 'Win 11 PRO', 'Pegada en la Bios', '365', 'infotajumuco@yamankutxrl.com', 'ESET endpoint 12.1.2057.3', 'Si', 0, '', '0000-00-00 00:00:00', '0000-00-00 00:00:00'),
(194, 16, 1, 'ACT002719', '97D3S04', 'Receptoría', 'Nohelia Cristina Aguilar García', 'Receptor', 'yk016caj001', 'receptor016', 'Desktop', 1, 'Dell', 'Optiplex SFF 7010', 'YK016CAJ001', '10.62.104.25', 'Core i5-13500', '8GB', '480GB', 'Win 11 PRO', 'Pegada en la Bios', '365', 'infotajumuco@yamankutxrl.com', 'ESET endpoint 12.1.2057.3', 'Si', 0, '', '0000-00-00 00:00:00', '0000-00-00 00:00:00'),
(195, 16, 1, 'ACT002720', 'G1D3S04', 'Receptoría', 'Marlin Nohemi Juarez Herrera', 'Receptor', 'yk016caj002', 'receptor016', 'Desktop', 1, 'Dell', 'Optiplex SFF 7010', 'YK016CAJ002', '10.62.104.100', 'Core i5-13500', '8GB', '480GB', 'Win 11 PRO', 'Pegada en la Bios', '365', 'infotajumuco@yamankutxrl.com', 'ESET endpoint 12.1.2057.3', 'Si', 0, '', '0000-00-00 00:00:00', '0000-00-00 00:00:00'),
(196, 16, 1, 'ACT002716', 'HLZW624', 'Créditos', 'Bilson Neptaly Cano Alvarado', 'Asesor', 'yk016cre002', 'creditos16', 'Desktop', 1, 'Dell', 'Optiplex Micro 7010', 'YK016CRE002', '10.62.104.32', 'Core I5-13500T', '8GB', '480GB', 'Win 11 PRO', 'Pegada en la Bios', '365', 'creditos16@coopeyamankutx.onmicrosoft.com', 'ESET endpoint 12.1.2057.3', 'Si', 0, '', '0000-00-00 00:00:00', '0000-00-00 00:00:00'),
(197, 16, 1, 'Pendiente', '10BB144', 'Créditos', 'Aimer Eduardo Rodriguez Gonzales ', 'Asesor', 'yk016cre003', 'creditos016', 'Desktop', 1, 'Dell', 'Optiplex Micro 7010', 'YK016CRE003', '10.62.104.33', 'Core I5-13500T', '8GB', '480GB', 'Win 11 PRO', 'Pegada en la Bios', '365', 'creditos16@coopeyamankutx.onmicrosoft.com', 'ESET endpoint 12.1.2057.3', 'Si', 0, '', '0000-00-00 00:00:00', '0000-00-00 00:00:00'),
(198, 17, 1, 'Pendiente', '', 'Jefatura', 'Manuel Eduardo Ramirez Ros', 'Jefe de Agencia', 'yk017jef001', 'jefatura017', 'Laptop', 1, 'LENOVO', 'ThinkPad E16', 'YK017JEF001', '10.62.108.41', 'Core i7- 13355U', '16GB', '480 SSD', 'Windows 11 PRO 64 Bits', 'YN8K4-7WHPT-PKQFB-YBWWW-BWRTG', '365', 'mramirez@yamankutxrl.com', 'ESET endpoint 12.1.2057.3', 'Si', 1, '', '0000-00-00 00:00:00', '0000-00-00 00:00:00'),
(199, 17, 1, 'ACT002912', 'PF52LBB1', 'Jefatura', 'Shirley Yaneli Morales Lemus', 'Sub jefa', 'yk017sub001', 'morales017', 'Laptop', 1, 'LENOVO', 'ThinkPad E16', 'YK017SUB001', '10.62.108.42', 'Core i7- 13355U', '16GB', '480 SSD', 'Windows 11 PRO 64 Bits', 'Pegada en la bios ', '365', 'smorales@yamankutx.com', 'ESET endpoint 12.1.2057.3', 'Si', 1, '', '0000-00-00 00:00:00', '0000-00-00 00:00:00'),
(200, 17, 1, 'ACT002909', 'MP2A7SLJ', 'SecretarÍa', 'Denyi Martinez Armas', 'Atencion y cuentas nuevas', 'yk017sec001', 'secretaria17', 'AIO', 1, 'LENOVO', 'IDEA CENTRE', 'YK017SEC001', '10.62.108.11', 'Core i7 - 13620H', '32 GB', '1TB', 'Windows 11 PRO 64 Bits', 'D6PQB-N7CWM-KBFGB-TF82Q-7T9TP', '365', 'infosantaana@yamankutxrl.com', 'ESET endpoint 12.1.2057.3', 'Si', 1, '', '0000-00-00 00:00:00', '0000-00-00 00:00:00'),
(201, 17, 1, 'ACT002910', 'MP2A7AN7', 'SecretarÍa', 'Zulmi Mendoza Lemus', 'Atencion y cuentas nuevas', 'yk017sec002', 'secretaria17', 'AIO', 1, 'LENOVO', 'IDEA CENTRE', 'YK017SEC002', '10.62.108.12', 'Core i7 - 13620H', '32 GB', '1TB', 'Windows 11 PRO 64 Bits', 'NTQWD-THQPF-MXRKQ-MQH3H-G6PKG', '365', 'infosantaana@yamankutxrl.com', 'ESET endpoint 12.1.2057.3', 'Si', 1, '', '0000-00-00 00:00:00', '0000-00-00 00:00:00'),
(202, 17, 1, 'ACT002861', '8GQBS04', 'Créditos', 'Juan Carlos Cardona', 'Asesor de Créditos', 'yk017cre001', 'creditos17', 'Escritorio', 1, 'DELL', 'Optiplex Micro 7010', 'YK017CRE001', '10.62.108.31', 'Core i5-13500T', '8 GB', '480 SSD', 'Windows 11 PRO 64 Bits', 'Pegada en la bios ', '365', 'creditos17@oopeyamankutx.onmicrosoft.com', 'ESET endpoint 12.1.2057.3', 'Si', 1, '', '0000-00-00 00:00:00', '0000-00-00 00:00:00'),
(203, 17, 1, 'ACT002862', 'GFQBS04', 'Créditos', 'Juan Pablo Francisco', 'Asesor de Créditos', 'yk017cre002', 'creditos17', 'Escritorio', 1, 'DELL', 'Optiplex Micro 7010', 'YK017CRE002', '10.62.108.32', 'Core i5-13500T', '8 GB', '480 SSD', 'Windows 11 PRO 64 Bits', 'Pegada en la bios ', '365', 'creditos17@oopeyamankutx.onmicrosoft.com', 'ESET endpoint 12.1.2057.3', 'Si', 1, '', '0000-00-00 00:00:00', '0000-00-00 00:00:00'),
(204, 17, 1, 'ACT002863', 'HGQBS04', 'Créditos', 'Abner Josue Dominguez Castellanos', 'Asesor de Créditos', 'yk017cre003', 'creditos17', 'Escritorio', 1, 'DELL', 'Optiplex Micro 7010', 'YK017CRE003', '10.62.108.33', 'Core i5-13500T', '8 GB', '480 SSD', 'Windows 11 PRO 64 Bits', 'Pegada en la bios ', '365', 'creditos17@oopeyamankutx.onmicrosoft.com', 'ESET endpoint 12.1.2057.3', 'Si', 1, '', '0000-00-00 00:00:00', '0000-00-00 00:00:00'),
(205, 17, 1, 'ACT002860', 'B9H1Y14', 'Caja', 'Lénica Esmeiry  Garcia Velasquez', 'Receptor Pagador', 'yk017caj001', 'yamancaja17', 'Escritorio', 1, 'DELL', 'Optiplex SFF 7010', 'YK017CAJ001', '10.62.108.21', 'Core i5-13500', '8 GB', '480 SSD', 'Windows 11 PRO 64 Bits', 'Pegada en la bios ', '365', 'infosantaana@yamankutxrl.com', 'ESET endpoint 12.1.2057.3', 'Si', 1, '', '0000-00-00 00:00:00', '0000-00-00 00:00:00'),
(206, 17, 1, 'ACT002859', '49H1Y14', 'Caja', 'Carmen Isabel Montejo Quiñonez', 'Receptor Pagador', 'yk017caj002', 'yamancaja17', 'Escritorio', 1, 'DELL', 'Optiplex SFF 7010', 'YK017CAJ002', '10.62.108.22', 'Core i5-13500', '8 GB', '480 SSD', 'Windows 11 PRO 64 Bits', 'Pegada en la bios ', '365', 'infosantaana@yamankutxrl.com', 'ESET endpoint 12.1.2057.3', 'Si', 1, '', '0000-00-00 00:00:00', '0000-00-00 00:00:00'),
(207, 18, 1, 'ACT003063', 'PF5B7FTE', 'Jefatura', 'Santiago Rigoberto Domingo', 'Jefe de Agencia', 'yk018jef001', 'montejo1986', 'Laptop', 1, 'Lenovo', 'ThinkPad E16', 'YK018JEF001', '10.62.160.41', 'Intel Core Ultra 7 155U', '16 GB', 'SSD 512GB ', 'Windows 11 Pro 64 bits', 'pegado a la bios', '365', '', 'ESET endpoint 12.1.2057.3', 'Si', 1, '', '0000-00-00 00:00:00', '0000-00-00 00:00:00'),
(208, 18, 1, 'Pendiente', 'PF5AC0KH', 'Jefatura', 'Pendiente', 'Subjefa', 'yk018sub001', 'Agencia018', 'Laptop', 1, 'Lenovo', 'ThinkPad E16', 'YK018SUB001', '10.62.160.42', 'Intel Core Ultra 5 125U', '16GB', 'SSD 512GB ', 'Windows 11 Pro 64 bits', 'pegado a la bios', '365', '', 'ESET endpoint 12.1.2057.3', 'Si', 1, '', '0000-00-00 00:00:00', '0000-00-00 00:00:00'),
(209, 18, 1, 'Pendiente', 'MP2BA5VO', 'SecretarÍa', 'Trinidad Herlinda Montejo Jacinto', 'Atención y cuentas nuevas', 'yk018sec001', 'secretaria018', 'AIO', 1, 'Lenovo', 'IDEACENTRE', 'YK018SEC001', '10.62.160.13', 'Intel core i7-13620H', '32GB', 'SSD 1TB', 'Windows 11 Pro 64 bits', 'pegado a la bios', '365', 'infotzisbaj@yamankutxrl.com', 'ESET endpoint 12.1.2057.3', 'Si', 1, '', '0000-00-00 00:00:00', '0000-00-00 00:00:00'),
(210, 18, 1, 'Pendiente', 'MP2B5C9F', 'SecretarÍa', 'Juana Leticia Silvestre Mendoza', 'Atención y cuentas nuevas', 'yk018sec002', 'secretaria018', 'AIO', 1, 'Lenovo', 'IDEACENTRE', 'YK018SEC002', '10.62.160.12', 'Intel core i7-13620H', '32GB', 'SSD 1TB', 'Windows 11 Pro 64 bits', 'pegado a la bios', '365', 'infotzisbaj@yamankutxrl.com', 'ESET endpoint 12.1.2057.3', 'Si', 1, '', '0000-00-00 00:00:00', '0000-00-00 00:00:00'),
(211, 18, 1, 'Pendiente', '3Q07S64', 'Caja', 'Miriam Marisela Carmelo Hernandez', 'Receptor Pagador', 'yk018caj001', 'receptor018', 'Escritorio', 1, 'Dell', 'Optiplex 7020 SFF', 'YK018CAJ001', '10.62.160.21', 'Intel Core i5-14500T', '8GB', 'SSD 512GB ', 'Windows 11 Pro 64 bits', 'pegado a la bios', '365', 'infotzisbaj@yamankutxrl.com', 'ESET endpoint 12.1.2057.3', 'Si', 1, '', '0000-00-00 00:00:00', '0000-00-00 00:00:00'),
(212, 18, 1, 'Pendiente', 'B427S64', 'Caja', 'Mauela Alejandrina Delgado Hernandez', 'Receptor Pagador', 'yk018caj002', 'receptor018', 'Escritorio', 1, 'Dell', 'Optiplex 7020 SFF', 'YK018CAJ002', '10.62.160.22', 'Intel Core i5-14500T', '8GB', 'SSD 512GB ', 'Windows 11 Pro 64 bits', 'pegado a la bios', '365', 'infotzisbaj@yamankutxrl.com', 'ESET endpoint 12.1.2057.3', 'Si', 1, '', '0000-00-00 00:00:00', '0000-00-00 00:00:00'),
(213, 18, 1, 'Pendiente', 'H72WZ44', 'Créditos', 'Isidro Ismael Hurtado Matias', 'Asesor de Créditos', 'yk018cre001', 'creditos018', 'Escritorio', 1, 'Dell', 'Optiplex 7020 Micro', 'YK018CRE001', '10.62.160.31', 'Intel Core i5-14500T', '16GB', 'SSD 512GB ', 'Windows 11 Pro 64 bits', 'pegado a la bios', '365', 'creditos18@coopeyamankutx.onmicosoft.com', 'ESET endpoint 12.1.2057.3', 'Si', 1, '', '0000-00-00 00:00:00', '0000-00-00 00:00:00'),
(214, 18, 1, 'Pendiente', '292WZ44', 'Créditos', 'Marvin Darinel Jimenez Mendez', 'Asesor de Créditos', 'yk018cre002', 'creditos018', 'Escritorio', 1, 'Dell', 'Optiplex 7020 Micro', 'YK018CRE002', '10.62.160.32', 'Intel Core i5-14500T', '16GB', 'SSD 512GB ', 'Windows 11 Pro 64 bits', 'pegado a la bios', '365', 'creditos18@coopeyamankutx.onmicosoft.com', 'ESET endpoint 12.1.2057.3', 'Si', 1, '', '0000-00-00 00:00:00', '0000-00-00 00:00:00'),
(215, 18, 1, 'Pendiente', 'CPQRZ44', 'Créditos', 'Pendiente', 'Asesor de Créditos', 'yk018cre003', 'creditos018', 'Escritorio', 1, 'Dell', 'Optiplex 7020 Micro', 'YK018CRE003', '10.62.160.33', 'Intel Core i5-14500T', '16GB', 'SSD 512GB ', 'Windows 11 Pro 64 bits', 'pegado a la bios', '365', 'creditos18@coopeyamankutx.onmicosoft.com', 'ESET endpoint 12.1.2057.3', 'Si', 1, '', '0000-00-00 00:00:00', '0000-00-00 00:00:00'),
(216, 99, 1, ' ', '4GYWKJ3', 'Archivos', 'Archivos Yaman Kutx', 'Jefa de Archivos', 'ykarchivos', 'archivosyk', 'Escritorio', 1, 'DELL', 'Optiplex 3080', 'YK001ARCH010', '10.60.147.240', 'Intel Core i10505', '8GB', '1TB', 'windows 10 pro 64bits', 'incorporada en la Bios', '365', 'kdelgado@yamankutxrlgt.onmicrosoft.com', 'ESET endpoint 12.1.2057.3', 'Si', 1, '', '0000-00-00 00:00:00', '0000-00-00 00:00:00'),
(217, 99, 1, '', '', 'Archivos', 'PC Digitalizador', 'Archivos', 'ykarchivos', 'archivosyk', 'Escritorio', 1, '', 'Optiplex 300', 'YK001ARCH010', '10.60.147.240', '', '', '', '', '', '', '', 'ESET endpoint 12.1.2057.3', 'Si', 1, '', '0000-00-00 00:00:00', '0000-00-00 00:00:00'),
(218, 99, 1, 'Solicitado', '', 'Archivos', 'PC Digitalizador', 'Archivos', 'yk001arch006', 'archivo001', 'Escritorio', 1, 'Dell', 'Optiplex SFF 7020', 'YK001ARCH006', '10.60.147.241', 'Intel Core i5-14500', '16GB', '480 M2/2TB HDD', 'Windows 11 pro 64 bits', 'Pegada a la Bios', '365', '', 'ESET endpoint 12.1.2057.3', 'Si', 1, '', '0000-00-00 00:00:00', '0000-00-00 00:00:00'),
(219, 99, 1, 'ACT001089', '5CD2035M4J', 'Archivos', 'Otto Ramon Domingo Armas', 'Auxiliar de Archivos', 'ykrarmas', 'domingo001', 'Laptop', 1, 'HP', 'Probook ', 'YK001ARCH003', '10.60.147.64', 'Intel Core i71165G7', '8GB', 'SSD 500GB', 'Windows 10 Pro 64 bits', 'incorporada en la Bios', '365', 'archivos@yamankutxrlgt.onmicrosoft.com', 'ESET endpoint 12.1.2057.3', 'Si', 1, '', '0000-00-00 00:00:00', '0000-00-00 00:00:00'),
(220, 99, 1, 'ACT4251', '', 'Archivos', 'Manuela Karina Delgado Silvestre', 'Auxiliar de Archivos', 'yk001arch005', 'delgado001', 'Laptop', 1, 'HP', 'Probook 450 G6', 'yk001SCR002', '10.60.147.107', 'Intel Core i5-8265', '8GB', '1000TB hdd', 'Windows 10 Pro 64 bits', 'NRM43-JMMY6-4D48H-7BBJB-WHV22', '2019', '6FQYN-G3Y3V-45XYR-6QRG7-6XY4G', 'ESET endpoint 12.1.2057.3', 'Si', 1, '', '0000-00-00 00:00:00', '0000-00-00 00:00:00'),
(221, 99, 1, 'ACT000775', 'F3M4BG3', 'Archivos', 'Kely Maricela Delgado Hernández', 'Jefa de Archivos', 'ykkdelgado', 'delgado001', 'Laptop', 1, 'DELL', 'Latitude 3520', 'YK001ARCH001', '10.60.147.70', 'Core i5-1135G7', '8GB', '480 TB SSD', 'Windows 10 Pro 64 bits', 'YNJKT-GJRCG-TQ6T9-XWRVF-8B49C', '365', 'kdelgado@yamankutxrlgt.onmicrosoft.com', 'ESET endpoint 12.1.2057.3', 'Si', 1, '', '0000-00-00 00:00:00', '0000-00-00 00:00:00'),
(222, 99, 1, 'ACT002043', 'PF431GSQ', 'Archivos', 'Candelaria Natividad Silvestre Delgado', 'Auxiliar de Archivos', 'yk001arch002', 'archivos002', 'Laptop', 1, 'Lenovo', 'ThinkPad E15', 'YK001ARCH002', '10.60.147.102', 'Intel Core i5-1235U', '16GB', '1TB', 'Windows 10 Pro 64 bits', 'DMGHH-XKNF6-9W2VW-64RD7-FJRC2', '365', 'archivos@yamankutxrlgt.onmicrosoft.com', 'ESET endpoint 12.1.2057.3', 'Si', 1, '', '0000-00-00 00:00:00', '0000-00-00 00:00:00'),
(223, 99, 1, 'ACT002153', 'PF4AGPXA', 'Archivos', 'Juan Jesus Cruz Miguel', 'Auxiliar de Archivos', 'yk001arch004', 'archivos001', 'Laptop', 1, 'Lenovo', 'ThinkPad E15', 'YK001ARCH004', '10.60.147.175', 'Intel Core i5-1235u', '16GB', '480 GB SSD', 'Windows 11 pro 64 bits', 'N33V3-9KKBK-FBGYW-KDQ6P-7CFTG', '365', 'archivos@yamankutxrlgt.onmicrosoft.com', 'ESET endpoint 12.1.2057.3', 'Si', 1, '', '0000-00-00 00:00:00', '0000-00-00 00:00:00'),
(224, 99, 1, 'ACT002389', 'CK4KNZ3', 'Contabilidad', 'Wendy Aracely Ros Domingo', 'Auxiliar de Contabilidad', 'yk001con003', 'domingo001', 'Escritorio', 1, 'DELL', 'Optiplex Micro 7010', 'YK001CON003', '10.60.147.42', 'Intel Core i7 13700T', '16 GB', '512 SSD', 'Windows 11 Pro 64bits', 'Pegada a la Bios', '365', 'contabilidad@yamankutxrl.onmicrosoft.com', 'ESET endpoint 12.1.2057.3', 'Si', 1, '', '0000-00-00 00:00:00', '0000-00-00 00:00:00'),
(225, 99, 1, 'ACT407', '', 'Contabilidad', 'Rosa Angélica Quiñonez Esteban', 'Auxiliar de Contabilidad', 'ykresteban', 'esteban', 'Escritorio', 1, 'Lenovo', 'M 720Q', 'YK001CON004', '10.60.147.202', 'Intel Core i7-8700T', '8 GB', '1 TB HDD', 'Windows 10 Pro 64bits', 'NYJ7D-89RQ8-8JQKC-VTG2W-2GYP2', '2019', 'JFRFN-QX6DW-FCTFP-FVDFR-3DCW7', 'ESET endpoint 12.1.2057.3', 'Si', 1, '', '0000-00-00 00:00:00', '0000-00-00 00:00:00'),
(226, 99, 1, 'ACT002042', 'PF4AWFG8', 'Auditoria', 'Esteban Emmanuel Ambrocio Gómez', 'Auxiliar de Auditoria', 'yk001aud002', 'AmbrocioE7', 'Laptop', 1, 'Lenovo', 'TinkPad E15 Gen 4', 'YK001AUD002', '10.60.147.65', 'Intel Core i5-1235U', '16GB', '480GB', 'Windows 10 Pro 64bits', 'BNTVH-8YQH6-CCM7J-J4PCJ-YP22T', '365', 'auditoria@yamankutxrlgt.onmicrosoft.com', 'ESET endpoint 12.1.2057.3', 'Si', 1, '', '0000-00-00 00:00:00', '0000-00-00 00:00:00'),
(227, 99, 1, 'ACT002388', '102KNZ3', 'Contabilidad', 'Luz María Soledad Montejo Francisco', 'Auxiliar de Contabilidad', 'yk001con002', 'montejo001', 'Escritorio', 1, 'DELL', 'Optiplex Micro 7010', 'yk001CON002', '10.60.147.106', 'Intel Core i7 13700T', '16 GB', '512 SSD', 'Windows 11 Pro 64bits', 'Pegada a la Bios', '365', 'contabilidad@yamankutxrl.onmicrosoft.com', 'ESET endpoint 12.1.2057.3', 'Si', 1, '', '0000-00-00 00:00:00', '0000-00-00 00:00:00');
INSERT INTO `inventarios` (`id`, `agencia_id`, `categoria_id`, `codigo_activo`, `numero_serie`, `area`, `nombre_responsable`, `puesto_responsable`, `usuario_equipo`, `password_equipo`, `tipo_dispositivo`, `activo`, `marca`, `modelo`, `nombre_equipo`, `ip_address`, `procesador`, `memoria_ram`, `almacenamiento`, `sistema_operativo`, `licencia_so`, `version_office`, `licencia_office`, `antivirus`, `bloqueo_usb`, `es_remoto`, `observaciones`, `created_at`, `updated_at`) VALUES
(228, 99, 1, '', '', 'Auditoria', 'Manuel Candido Joel Camposeco Silvestre', 'Auditor Interno', 'yk001aud004', 'camposeco', 'Laptop', 1, 'LENOVO', 'Lenovo ThinkPad E15 Gen 2', 'YK001AUD004', '10.60.147.217', 'Intel Core i7-1165G7', '16 GB', '500 GB SSD', 'Windows 10 Pro 64bits', 'NK28C-KKHDC-PDMDY-FQ4HF-8B49C', '365', 'manuelcamposeco@yamankutxrl.com', 'ESET endpoint 12.1.2057.3', 'Si', 1, '', '0000-00-00 00:00:00', '0000-00-00 00:00:00'),
(229, 99, 1, '', '', 'Contabilidad', 'Juan Manuel López', 'Auxiliar de Contabilidad', 'yk001con006', 'ramirez001', 'Escritorio', 1, 'LENOVO', 'ThinkCentre M720q', 'YK001CON006', '10.60.147.', 'Intel Core i7-8700T', '8GB', '1TB', 'Windows 10 Pro 64 bits', '2KBNH-T98VM-FTQWQ-TDK8T-9KXTP', '365', 'contabilidad@yamankutxrl.onmicrosoft.com', 'ESET endpoint 12.1.2057.3', 'Si', 1, '', '0000-00-00 00:00:00', '0000-00-00 00:00:00'),
(230, 99, 1, 'ACT002973', 'MZ00KXZW', 'Contabilidad', 'Nelcy Nineth Mendoza Lopez', 'Auxiliar de Contabilidad', 'yk001con008', 'Nmendoza001', 'Escritorio', 1, 'Lenovo', 'ThinkCentre M70Q Gen 5', 'YK001CON008', '10.60.147.66', 'Intel Core i7 14700T', '16GB', '480GB', 'windows 11 Pro 64bits', 'Pegada a la Bios', '365', 'nmendoza@yamankutxrl.com', 'ESET endpoint 12.1.2057.3', 'Si', 1, '', '0000-00-00 00:00:00', '0000-00-00 00:00:00'),
(231, 99, 1, 'ACT000864', '', 'Auditoria', 'Melvin Omar Delgado Mateo', 'Auxiliar de Auditoria', 'yk001aud003', 'delgado', 'Laptop', 1, 'DELL', 'Latitude 3520', 'YK001AUD003', '10.60.147.216', 'Intel Core i5-1135G7', '8GB', 'SSD240/HDD1TB', 'Windows 10 Pro 64bits', '39BV8-NG288-TPMM3-GYWVG-V6DGP', '365', 'auditoria@yamankutxrlgt.onmicrosoft.com', 'ESET endpoint 12.1.2057.3', 'Si', 1, '', '0000-00-00 00:00:00', '0000-00-00 00:00:00'),
(232, 99, 1, 'ACT0002726', '', 'Auditoria', 'Cristofer Olivaín Camposeco López', 'Auxiliar de Auditoria', 'yk001aud006', 'Camposeco001', 'Laptop', 1, 'Lenovo', 'ThinkPad E15', 'YK001AUD005', '10.60.147.179', 'Intel Core i5-1235U', '16GB', '512SSD', 'Windows 11 Pro 64bits', 'incorporada en la Bios', '365', 'auditoria@yamankutxrlgt.onmicrosoft.com', 'ESET endpoint 12.1.2057.3', 'Si', 1, '', '0000-00-00 00:00:00', '0000-00-00 00:00:00'),
(233, 99, 1, 'ACT002123', '', 'Auditoria', 'Fredy Jesús López Jacinto', 'Auxiliar de Auditoria', 'yk001aud005', '', 'Laptop', 1, 'Lenovo', 'ThinkPad E15', 'YK001AUD005', '10.60.147.114', 'Intel Core i5-1235U', '16GB', '512SSD', 'Windows 11 Pro 64bits', 'incorporada en la Bios', '365', 'auditoria@yamankutxrlgt.onmicrosoft.com', 'ESET endpoint 12.1.2057.3', 'Si', 1, '', '0000-00-00 00:00:00', '0000-00-00 00:00:00'),
(234, 99, 1, 'ACT002059', 'PF4AAJQB', 'Avaluos', 'Tomás Benjamín Quiñónez Hernández', 'Valuador', 'yk001val004', 'quiñonez001', 'Laptop', 1, 'Lenovo', 'ThinkPad E15', 'YK001VAL004', '10.60.147.225', 'Intel Core i7-12550U', '16GB', 'SSD 500GB', 'Windows 11 Pro 64bits', 'FN2CM-333Q8-H3RWM-VD2D6-C9XTP', '365', 'valuadoresyk@yamankutxrlgt.onmicrosoft.com', 'ESET endpoint 12.1.2057.3', 'Si', 1, '', '0000-00-00 00:00:00', '0000-00-00 00:00:00'),
(235, 99, 1, '', 'PF4SWW88', 'Avaluos', 'Juan Edmundo Cárdenas Camposeco', 'Valuador', 'yk001val001', 'camposeco', 'Laptop', 1, 'Lenovo', 'ThinkPad E16', 'YK001VAL001', '10.60.147.228', 'Intel Core i5-1335U', '16 GB', '512 Gb SSD M.', 'Windows 11 Pro 64bits', 'Pegado en la bios', '365', 'valuadoresyk@yamankutxrlgt.onmicrosoft.com', 'ESET endpoint 12.1.2057.3', 'Si', 1, '', '0000-00-00 00:00:00', '0000-00-00 00:00:00'),
(236, 99, 1, 'ACT001745', '', 'Avaluos', 'José Rodolfo Raymundo Díaz', 'Valuador', 'yk001val003', 'raymundo001', 'Laptop', 1, 'Lenovo', 'ThinkPad E15', 'YK001VAL003', '10.60.147.254', 'Intel Core i7-1165G7', '16GB', '1 TB HDD', 'Windows 10 Pro 64bits', 'VCDVK-N8V8P-K4J99-JVJCY-43KTP', '365', 'valuadoresyk@yamankutxrlgt.onmicrosoft.com', 'ESET endpoint 12.1.2057.3', 'Si', 1, '', '0000-00-00 00:00:00', '0000-00-00 00:00:00'),
(237, 99, 1, 'ACT632', '', 'Avaluos', 'José Fidelino Jiménez Camposeco', 'Valuador', 'ykfjimenez', 'pepe1981', 'Laptop', 1, 'Lenovo', 'ThinkPad E15', 'YK001VAL002', '10.60.147.37', 'Intel Core i5-10210U', '8 GB', '256 GB SSD', 'Windows 10 Pro 64bits', '8BN9T-RWJTF-8XQRM-27GBW-DGPKC', '2016', '29NFQ-WM947-XXY4T-KWJKF-Q9MQ9', 'ESET endpoint 12.1.2057.3', 'Si', 1, '', '0000-00-00 00:00:00', '0000-00-00 00:00:00'),
(238, 99, 1, 'ACT001504', 'DYSTDL3', 'Avaluos', 'Wilmer Orlando Méndez Díaz', 'Valuador', 'yk011val001', 'valuador', 'Laptop', 1, 'DELL', 'Latitude 3520', 'YK011VAL001', '10.62.80.63', 'Intel Core i5-1135G7', '16 GB', '480 GB SSD', 'Windows 11 Pro 64bits', 'incorporada en la Bios', '365', 'valuadoresyk@yamankutxrlgt.onmicrosoft.com', 'ESET endpoint 12.1.2057.3', 'Si', 1, '', '0000-00-00 00:00:00', '0000-00-00 00:00:00'),
(239, 99, 1, 'S/A', '', 'Avaluos', 'Eugenio Osvelí Silvestre Hernández', 'Valuador', 'ykohernandez', 'silvestre007', 'Laptop', 1, 'Lenovo', 'ThinkPad E15', 'YK007VAL001', '10.60.147.98', 'Intel core i5-10210U', '8 GB', '256GB SSD/1TB HDD', 'Windows 10 Pro 64bits', 'RRMKC-NDQRC-XF38C-9977B-HT9TP', '2019', 'X9THK-DNBM8-9BT4R-4YXJ8-6MWCV', 'ESET endpoint 12.1.2057.3', 'Si', 1, '', '0000-00-00 00:00:00', '0000-00-00 00:00:00'),
(240, 99, 1, 'Solicitado', 'PF4VX3VB', 'Avaluos', 'Pablo Randolfo Domingo Montejo', 'Jefe de Avaluos', 'yk001jva001', 'domingo001', 'Laptop', 1, 'Lenovo', 'TinkPad E16', 'YK001JVA001', '10,60,147,178', 'Intel Core i7 - 1355U', '16GB', '500 GB SSD', 'Windows 11 pro 64 bits', 'pegado a la bios', '365', 'pablodomingo@yamankutxrl.com', 'ESET endpoint 12.1.2057.3', 'Si', 1, '', '0000-00-00 00:00:00', '0000-00-00 00:00:00'),
(241, 99, 1, 'Solicitado', 'PF4W2D9', 'Avaluos', 'Maurojosue de Jesús Rojas Díaz', 'Valuador', 'yk001val007', 'valuador001', 'Laptop', 1, 'Lenovo', 'TinkPad E17', 'YK001JVA002', '10.60.147.179', 'Intel Core i5 - 1355U', '16GB', '501 GB SSD', 'Windows 11 pro 64 bits', 'pegado a la bios', '365', 'valuadoresyk@yamankutxrlgt.onmicrosoft.com', 'ESET endpoint 12.1.2057.3', 'Si', 1, '', '0000-00-00 00:00:00', '0000-00-00 00:00:00'),
(242, 99, 1, 'ACT000783', '', 'Contabilidad', 'Wilmer Geovany Chávez Cardona', 'Contador General', 'ykwchavez', 'cardona001', 'Laptop', 1, 'DELL', 'Latitude 5520', 'YK001TSO001', '10.60.147.112', 'Intel Core i7-1165G7', '16GB', 'SSD 500GB', 'windows 10 Pro 64bits', 'FNKYK-Y7GHY-2V8HB-DYK7H-HXMP2', '365', 'wchavez@yamankutxrlgt.onmicrosoft.com', 'ESET endpoint 12.1.2057.3', 'Si', 1, '', '0000-00-00 00:00:00', '0000-00-00 00:00:00'),
(243, 99, 1, 'ACT001027', 'PF3F2JYX', 'Contabilidad', 'Victor Miguel Ros Ramirez', 'Auxiliar de contabilidad', 'yk001con005', 'ramirez001', 'Laptop', 1, 'Lenovo', 'ThinkPhad L15 GEN 2', 'YK001CON005', '10.60.147.211', 'Intel Core i5-1135G7', '16GB', 'SSD 500GB', 'windows 10 Pro 64bits', 'FNKYK-Y7GHY-2V8HB-DYK7H-HXMP2', '', 'contabilidad@yamankutxrl.onmicrosoft.com', 'ESET endpoint 12.1.2057.3', 'Si', 1, '', '0000-00-00 00:00:00', '0000-00-00 00:00:00'),
(244, 99, 1, 'ACT001688', '35JDVL3', 'Cumplimiento', 'Salome Díaz Domingo', 'Oficial de Cumplimiento', 'yk001cum001', 'domingo001', 'Laptop', 1, 'DELL', 'Latitude 5530', 'YK001CUM001', '10.60.147.220', 'Intel Core i7-1155U', '16GB', '1TB SSD', 'Windows 10 Pro 64 bits', 'CGYPN-Q3WF8-CYX93-298JV-M4HCM', '365', 'sdiaz@yamankutxrlgt.onmicrosoft.com', 'ESET endpoint 12.1.2057.3', 'Si', 1, '', '0000-00-00 00:00:00', '0000-00-00 00:00:00'),
(245, 99, 1, 'ACT000503', '5CD0386VQR', 'Cumplimiento', 'Laura Irene Hernandez Diaz', 'Auxiliar de Cumplimiento', 'yk001cum004', 'hernandez001', 'Laptop', 1, 'HP', 'Probook 450 G7', 'yk001cum004', '10.60.147.24', 'i7-1051', '8GB', '512 ssd', 'win10 pro 64bits', 'HX6CN-2WBQ9-D6BP7-WMWHD-9766P', '2019', 'V2XXY-G3M69-MP7P4-2R4HV-74KVZ', 'ESET endpoint 12.1.2057.3', 'Si', 1, '', '0000-00-00 00:00:00', '0000-00-00 00:00:00'),
(246, 99, 1, 'ACT000761', '4CL4BG3', 'Cumplimiento', 'Angel rosalio Diaz Lopez', 'Auxiliar de Cumplimiento', 'yk001cum002', 'yklopez001', 'Laptop', 1, 'DELL', 'Latitude 3520', 'YK001CUM002', '10.60.147.201', 'Intel Core i5-1135G7', '8GB', 'SSD 240 GB', 'Windows 10 Pro 64 bits', 'VKNDF-YBB2D-8DDYQ-DX4J4-QGPKC', '365', 'cumplimiento@yamankutxrlgt.onmicrosoft.com', 'ESET endpoint 12.1.2057.3', 'Si', 1, '', '0000-00-00 00:00:00', '0000-00-00 00:00:00'),
(247, 99, 1, 'ACT001090', '5CD2035M97', 'Cumplimiento', 'Jenifer Asucena Juan Veásquez', 'Auxiliar de Cumplimiento', 'yk001cum007', 'vasquez001', 'Laptop', 1, 'HP 15', 'Probook ', 'YK001CUM005', '10.60.147.55', 'Intel Core i7-1165G7', '8GB', '480GB SSD', 'win10 pro 64bits', 'NF6HC-QH89W-F8WYV-WWXV4-WFG6P', '365', 'cumplimineto@yamankutxrlgt.onmicrosoft.com', 'ESET endpoint 12.1.2057.3', 'Si', 1, '', '0000-00-00 00:00:00', '0000-00-00 00:00:00'),
(248, 99, 1, 'ACT001689', '44JDVL3', 'Cumplimiento', 'Miguel Estuardo Cota Hernadez', 'Auxiliar de Cumplimiento', 'yk001cum003', 'estuardo001', 'Laptop', 1, 'HP 15', 'Latitude 5530', 'yk001cum003', '10.60.147.253', 'Intel Core i7-1255U', '16GB', '480 SSD/480GBSSD', 'win10 pro 64bits', 'K93XN-VTF4B-DJWPG-G8Y92-FX8XG', '365', 'cumplimiento@yamankutxrlgt.onmicrosoft.com', 'ESET endpoint 12.1.2057.3', 'Si', 1, '', '0000-00-00 00:00:00', '0000-00-00 00:00:00'),
(249, 99, 1, 'ACT003050', 'PF5B5WZR', 'Cumplimiento', 'Analí del Carmer García Méndez', 'Auxiliar de cumplimineto', 'yk001cum006', 'Agarcia001', 'Laptop', 1, 'Lenovo', 'ThinkPad E16', 'YK001CUM006', '10.60.147.123', 'Intel Core Ultra 7 155U', '16 GB', '480GB SSD', 'Windows 11 Pro 64 bits', 'pegado a la bios', '365', 'cumplimiento@yamankutxrlgt.onmicrosoft.com', 'ESET endpoint 12.1.2057.3', 'Si', 1, '', '0000-00-00 00:00:00', '0000-00-00 00:00:00'),
(250, 99, 1, 'ACT000777', '', 'Educación', 'Manuel Santos Diaz Santiago', 'Educador', 'ykmsantiago', 'santiago', 'Laptop', 1, 'DELL', 'Latitude 3520', 'yk001EDU001', '10.60.147.49', 'Core i5-1135G7', '8GB', '500 GB HDD', 'Windows 10 Pro 64 bits', '9PDNH-8GDGT-MV7B4-BB8XH-B7V22', '365', 'educacionyk@yamankutxrlgt.onmicrosoft.com', 'ESET endpoint 12.1.2057.3', 'Si', 1, '', '0000-00-00 00:00:00', '0000-00-00 00:00:00'),
(251, 99, 1, 'ACT3693', '', 'Mercadeo', 'Yamileth María Inés Echeverria Camposeco', 'Auxiliar de Mercadeo', 'yk001mer002', 'mercadeo001', 'Escritorio', 1, 'HP', 'OV', 'YK001MER002', '10.60.147.230', 'Intel Core i7-8700K', '16GB', '4TB', 'Windows 10 Pro 64 bits', 'VK7JG-NPHTM-C97JM-9MPGT-3V66T', '365', 'yecheverria@yamankutxrl.com', 'ESET endpoint 12.1.2057.3', 'Si', 1, '', '0000-00-00 00:00:00', '0000-00-00 00:00:00'),
(252, 99, 1, 'ACT3031', 'PF4AG4ZL', 'Educación', 'Anita Claribel Hernández Montejo ', 'Educador', 'yk001edu002', 'claribel001', 'Laptop', 1, 'Lenovo', 'ThinkPad E15', 'YK001EDU002', '10.60.147.173', 'Intel Core i5-1235U', '16GB', '1TB', 'Windows 11 pro 64 bits', 'incorporada en la Bios', '365', 'educacionyk@yamankutxrlgt.onmicrosoft.com', 'ESET endpoint 12.1.2057.3', 'Si', 1, '', '0000-00-00 00:00:00', '0000-00-00 00:00:00'),
(253, 99, 1, 'ACT002124', 'PF4AGLQX', 'Educación', 'Rosa Egulalia Echeverria Cardenas', 'Educador', 'yk001edu003', 'cardenas001', 'Laptop', 1, 'Lenovo', 'ThinkPad E15', 'YK001EDU003', '10.60.147.174', 'Intel Core i5-1235U', '16GB', '500 GB HDD', 'Windows 11 pro 64 bits', 'incorporada en la Bios', '365', 'educacionyk@yamankutxrlgt.onmicrosoft.com', 'ESET endpoint 12.1.2057.3', 'Si', 1, '', '0000-00-00 00:00:00', '0000-00-00 00:00:00'),
(254, 99, 1, 'ACT237', '', 'Gerencia', 'Pablo Emanuel Velásquez Pérez', 'Gerente de Negocios ', 'ykpvelasquez', 'velasquez001', 'Laptop', 1, 'HP', 'Pavilion 15-cs3010', 'YK001GDN001', '10.60.147.235', 'Intel Core i7-1065G7', '12 GB', '500 GB SSD', 'Windows 10 Pro 64 bits', '8WV6Y-N8WDP-6G23K-THQKG-H8RJY', '2019', 'PCQ7N-QMKG2-FD2PF-4D464-3DCW7', 'ESET endpoint 12.1.2057.3', 'Si', 1, '', '0000-00-00 00:00:00', '0000-00-00 00:00:00'),
(255, 99, 1, 'ACT000525', '', 'Gerencia', 'Lucrecia Marilú Morales Montejo', 'Gerente Administrativa', 'yklmorales', 'montejo', 'Laptop', 1, 'HP', 'Elitebook x360 1040 G6', 'yk001GER004', '10.60.147.107', 'i7-8565', '16GB', '512 ssd', 'win10 pro 64bits', 'BTX2V-3NBCT-QVG3X-QMQ8X-C7JXC', '365', 'lucreciamontejo@yamankutxrlgt.onmicrosoft.com', 'ESET endpoint 12.1.2057.3', 'Si', 1, '', '0000-00-00 00:00:00', '0000-00-00 00:00:00'),
(256, 99, 1, 'Solicitado', '', 'Gerencia', 'Edman Francisco Diaz Domingo', 'Gerente Financiero', 'ykediaz', 'financiero', 'Laptop', 1, 'DELL', 'Latitude 5530', 'YK001GFI002', '10.60.147.98', 'Intel Core i7 - 1255U', '16Gb', '500 GB SSD', 'Windows 10 Pro 64bits', 'BKNCJ-WY76X-TC2Q3-2B662-XTP2T', '365', 'edmandiaz@yamankutxrl.com', 'ESET endpoint 12.1.2057.3', 'Si', 1, '', '0000-00-00 00:00:00', '0000-00-00 00:00:00'),
(257, 99, 1, 'Solicitado', '', 'Gerencia', 'Carlos Antonio Mendoza Taracena', 'Gerente de Riesgos', 'ykamendoza', 'Evmm/*-2412', 'Laptop', 1, 'DELL', 'Latitude 5530', 'YK001GRI001', '10.60.147.204', 'Intel Core i7-1257U', '16 GB', '500 GB SSD', 'Windows 11 Pro 64bits', 'N49F7-B7JVT-22G88-RK4KH-VT986', '365', 'carlostaracena@yamankutxrl.com', 'ESET endpoint 12.1.2057.3', 'Si', 1, '', '0000-00-00 00:00:00', '0000-00-00 00:00:00'),
(258, 99, 1, 'ACT002379', '', 'Mercadeo', 'Yamileth Echeverria Camposeco', 'Auxiliar de Mercadeo', 'Mercadeo', 'mercadeo001', 'Tablet/Laptop', 1, 'Microsoft', 'Surface Pro 7+', 'SIN DOMINIO', 'SIN IP / Libre', 'Intel Core i51135G7', '16 GB', 'SSD 128TB', 'Windows 11 Home', 'Incorporada en la BIOS', '365', 'yecheverria@yamankutxrl.com', 'ESET endpoint 12.1.2057.3', 'Si', 1, '', '0000-00-00 00:00:00', '0000-00-00 00:00:00'),
(259, 99, 1, 'Solicitado', '', 'Gerencia', 'Abraham Moises Delgado Montejo', 'Gerente General', 'Abraham Delgado', 'delgado123', 'Laptop', 1, 'Samsung', 'GalaxyNotebook', 'Abraham Delgado', '', 'Intel Core ultra 7 155U', '32 GB', '1 TB SSD', 'Windows 11 pro 64 bits', 'incorporada en la Bios', '365', 'abrahamdelgado@yamankutxrlgt.onmicrosoft.com', 'ESET endpoint 12.1.2057.3', 'Si', 1, '', '0000-00-00 00:00:00', '0000-00-00 00:00:00'),
(260, 99, 1, 'ACT000569', '', 'Informática', 'Hermelindo de Jesús Camposeco Silvestre', 'Jefe de Informática', 'ykhcamposeco', 'camposeco001', 'Laptop', 1, 'DELL', 'Latitude 5520', 'YK001SIS003', '10.60.147.176', 'Intel Core i7-1165G7', '16GB', '480GB SSD', 'Windows 11 pro 64 bits', 'incorporada en la Bios', '365', 'hermelindocamposeco@yamankutxrl.com', 'ESET endpoint 12.1.2057.3', 'Si', 1, '', '0000-00-00 00:00:00', '0000-00-00 00:00:00'),
(261, 99, 1, 'ACT3695', '', 'Informática', 'Ronald de Jesus Jiménez Montejo', 'Auxiliar de Informática', 'ykrjimenez', 'jimenez001', 'Laptop', 1, 'HP', 'Probook 450G5', 'YK001SIS004', '10.60.17.118', 'Intel Core i7-8550U', '16GB', '240 SSD/1Tb HHD', 'Windows 10 Pro 64bits', 'DPDPC-XRNKP-BCTMR-QVRMD-DV66P', '365', 'ronaldjimenez@yamankutxrl.com', 'ESET endpoint 12.1.2057.3', 'Si', 1, '', '0000-00-00 00:00:00', '0000-00-00 00:00:00'),
(262, 99, 1, 'ACT002132', '', 'Informática', 'Ramon Basilio Domingo Montejo', 'Auxiliar de Informática', 'DESARROLLLO', 'yk2356IO', 'Laptop', 1, 'DELL', 'Inspirion 14plus', 'No esta vinculado al dominio', 'Ip publica WIFI', 'Intel Core i7-1255H', '16GB', '500GB SSD', 'Linux Hubuntu 22 LTS', 'integrado a la BIOS', '365', 'wdiaz@yamankutxrl.com', 'ESET endpoint 12.1.2057.3', 'Si', 1, '', '0000-00-00 00:00:00', '0000-00-00 00:00:00'),
(263, 99, 1, 'ACT0001667', '', 'Informática', 'Antonio Díaz Silvestre', 'Auxiliar de Informática', 'ykadiaz', 'silvestre001', 'Laptop', 1, 'DELL', 'Latitude 5490', 'YK001SIS002', '10.60.147.247', 'Intel Core i7-8650U ', '8GB', '250GB SSD', 'Windows 10 Por 64 bits', 'Incorporada en la Bios', '365', 'antoniodiaz@yamankutxrl.com', 'ESET endpoint 12.1.2057.3', 'Si', 1, '', '0000-00-00 00:00:00', '0000-00-00 00:00:00'),
(264, 99, 1, 'ya fue solicitado', '', 'Informática', 'Brayan Alexander Díaz Díaz ', 'Auxiliar de Informática', 'yk001sis005', 'alexander001', 'Laptop', 1, 'Lenovo', 'Thinkbook 15G2ITL', 'YK001SIS005', '10.60.147.81', 'Intel Corei7-1165G7', '8GB', '500GB SSD', 'Windows 10 Pro 64 bits', 'NF6HC-QH89W-F8WYV-WWXV4-WFG6P', '365', 'smendoza@yamankutxrl.com', 'ESET endpoint 12.1.2057.3', 'Si', 1, '', '0000-00-00 00:00:00', '0000-00-00 00:00:00'),
(265, 99, 1, 'ACT002021', '', 'Jefe de Créditos', 'Gervacio Miguel Camposeco Herrera', 'Jefe de Créditos ', 'ykgcamposeco', 'camposeco004', 'Laptop', 1, 'Lenovo', 'ThinkPad E15', 'YK001CRE101', '10.60.147.19', 'Intel Core i7-1255U', '16 GB', '500 GB SSD', 'Windows 10 Pro 64bits', 'KWXR-77RTU-WEQT9-VK98T-XRTW4', '365', 'gervaciocamposeco@yamankutxrl.com', 'ESET endpoint 12.1.2057.3', 'Si', 1, '', '0000-00-00 00:00:00', '0000-00-00 00:00:00'),
(266, 99, 1, 'ACT000197', '', 'Mercadeo', 'Willbert Gonzalez ', 'Jefe de Mercadeo', 'ykhlobos', 'lobos', 'Laptop', 1, 'Dell', 'G3 153590', 'YK001MER001', '10.60.147.252', 'Intel Core i7-9750H', '16GB', '1TB', 'Windows 11 Pro 64 bits', 'VGHV8-YNDB7-C6TBQ-7RJW6-RRG6P', '365', 'henrylobos@yamankutxrlgt.onmicrosoft.com', 'ESET endpoint 12.1.2057.3', 'Si', 1, '', '0000-00-00 00:00:00', '0000-00-00 00:00:00'),
(267, 99, 1, 'ACT002157', '', 'Mercadeo', 'Filiberto Smayq\'inh Patal Delgado', 'Auxiliar de Mercadeo', 'DG', 'sin contraseña', 'Laptop', 1, 'Lenovo', 'LOQ 15IRH8', 'SIN DOMINIO', 'SIN IP Manual', 'Intel Core i5-13420H', '16GB', '512 GB SSD', 'Windows 11pro 64 bits', 'integrado a la BIOS', '365', 'jcamposeco@yamankutxrl.com', 'ESET endpoint 12.1.2057.3', 'Si', 1, '', '0000-00-00 00:00:00', '0000-00-00 00:00:00'),
(268, 99, 1, 'ACT001762', '', 'Mercadeo', 'Adelina Lucía Montejo Vásquez', 'Auxiliar de Mercadeo', 'yk001mer004', 'mercadeo001', 'Laptop', 1, 'Lenovo', 'ThinkPad E15', 'YK001SIS004', '10.60.147.21', 'Intel Core i7-1250U ', '16GB', '500GB SSD', 'Windows 10 Por 64 bits', 'RHT39-DCNMX-RY9J4-99WFR-HQXCT', '365', 'mercado@yamankutxrl.com', 'ESET endpoint 12.1.2057.3', 'Si', 1, '', '0000-00-00 00:00:00', '0000-00-00 00:00:00'),
(269, 99, 1, 'ACT000607', '', 'Procesos', 'Francisco Leonel Díaz', 'Jefa de Procesos', 'yk001pro001', 'procesos001', 'Laptop', 1, 'DELL', 'Latitude 5520', 'YK001PRO001', '10.60.147.204', 'Intel Core i5-1135G7', '16GB', '240SSD', 'Windows 11pro 64 bits', 'incorporada en la Bios', '365', 'mandydiaz@yamankutxrl.com', 'ESET endpoint 12.1.2057.3', 'Si', 1, '', '0000-00-00 00:00:00', '0000-00-00 00:00:00'),
(270, 99, 1, 'ACT000950', 'BZRZPG3', 'Recursos Humanos', 'Wendy Lorena Mateo Jiménez', 'Auxiliar de Recusos Humanos', 'yk001rrhh003', 'mateo001', 'Laptop', 1, 'DELL', 'Latitude 3520', 'YK001RRHH003', '10.60.147.238', 'Intel Core i5-1135G7', '8GB', 'SSD 500GB', 'windows 10 Pro 64bits', 'VK7JG-NPHTM-C97JM-9MPGT-3V66T', '365', 'auxrrhh@yamankutxrlgt.onmicrosoft.com', 'ESET endpoint 12.1.2057.3', 'Si', 1, '', '0000-00-00 00:00:00', '0000-00-00 00:00:00'),
(271, 99, 1, 'ACT001765', 'PF42K4QK', 'Recursos Humanos', 'Moisés Salomón Hernández Camposeco', 'Jefe de Recursos Humanos', 'yk001rrhh001', 'hernandez001', 'Laptop', 1, 'Lenovo', 'ThinkPad E15', 'YK001RRHH001', '10.60.147.210', 'Intel Core i7-1165G7', '16GB', '256GB SSD / 1TB', 'Windows 10 Pro 64bits', '4DN9P-QVDFV-KYX38-GQ7TV-YY49C', '365', 'mhernandez@yamankutxrl.com', 'ESET endpoint 12.1.2057.3', 'Si', 1, '', '0000-00-00 00:00:00', '0000-00-00 00:00:00'),
(272, 99, 1, 'ACT0001768', 'PF41HBK5', 'Recursos Humanos', 'Domenica Mishel ', 'Auxiliar de Recusos Humanos', 'yk001rrhh005', 'talento001', 'Laptop', 1, 'Lenovo', 'ThinkPad E15', 'yk001rrhh005', '10.60.147.72', 'Intel Core i5-1135G7', '16GB', '512 ssd', 'win10 pro 64bits', 'H3VN6-KHGRP-T28VM-JCJ27-VT986', '365', 'auxrrhh@yamankutxrlgt.onmicrosoft.com', 'ESET endpoint 12.1.2057.3', 'Si', 1, '', '0000-00-00 00:00:00', '0000-00-00 00:00:00'),
(273, 99, 1, 'Solicitado', '', 'Secretaria de Gerencia', 'Yesenia Ileana Delgado Silvestre', 'Secretaria de Gerencia', 'yk001sec0010', 'delgado', 'Laptop', 1, 'Dell', 'Latitude 5520', 'YK001SEC010', '10.60.147.203', 'Intel Core i5-1135G7', '8GB', 'SSD 500GB', 'win10 pro 64bits', 'VK7JG-NPHTM-C97JM-9MPGT-3V66T', '365', 'ydelgado@yamankutxrlgt.onmicrosoft.com', 'ESET endpoint 12.1.2057.3', 'Si', 1, '', '0000-00-00 00:00:00', '0000-00-00 00:00:00'),
(274, 99, 1, 'ACT002383', '9HFCDS3', 'Secretaria de Gerencia', 'Beverly Paola Villator', 'Secretaria de Gerencia', 'yk001seg001', 'villatoro001', 'Laptop', 1, 'DELL', 'Latitude 5530', 'YK001SEG001', '10.60.147.76', 'Intel Core i7-1265U', '16GB', '480GB SSD', 'Win10 pro 64bits', 'pegada a la Bios', '365', 'bvillatoro@yamankutxrl.com', 'ESET endpoint 12.1.2057.3', 'Si', 1, '', '0000-00-00 00:00:00', '0000-00-00 00:00:00'),
(275, 99, 1, 'Solicitado', '', 'Cobros', 'Carlos Alberto Díaz Camposeco', 'Jefe de cobros', 'ykcdiaz', 'supervisor001', 'Laptop', 1, 'DELL', 'Latitude 3520', 'YK001SUP001', '', 'Intel Core i5 ', '16 GB', '500 GB SSD', 'Windows 10 Pro 64bits', 'incorporada en la Bios', '365', 'ccamposeco@yamankutxrlgt.onmicrosoft.com', 'ESET endpoint 12.1.2057.3', 'Si', 1, '', '0000-00-00 00:00:00', '0000-00-00 00:00:00'),
(276, 99, 1, 'ACT001744', '', 'Supervisor', 'Gaspar Ezequiel Diaz Hurtado', 'Supervisor de Agencias', 'yk001sup002', 'ezequeil123', 'Laptop', 1, 'Lenovo', 'ThinkPad E15', 'YK001SUP002', '10.60.147.212', 'Intel Core i7-1165G7', '16GB', 'SSD 512GB', 'Windows 10 Pro 64bits', 'incorporada en la Bios', '365', 'ezequieldiaz@yamankutxrl.com', 'ESET endpoint 12.1.2057.3', 'Si', 1, '', '0000-00-00 00:00:00', '0000-00-00 00:00:00'),
(277, 99, 1, 'Pendiente', '', 'Supervisor', 'Edgar Anzueto', 'Supervisor de Agencias', 'yk001sup003', 'anzueto001', 'Laptop', 1, 'Lenovo', 'ThinkPad E15', 'YK001SUP003', '10.60.147.212', 'Intel Core i7-1165G7', '16GB', 'SSD 512GB', 'Windows 10 Pro 64bits', 'incorporada en la Bios', '365', 'ezequieldiaz@yamankutxrl.com', 'ESET endpoint 12.1.2057.3', 'Si', 1, '', '0000-00-00 00:00:00', '0000-00-00 00:00:00'),
(278, 99, 1, 'Solicitado', '', 'Fundacion', 'Pendiente', 'Director de Fundacion', 'Fundacion YK', 'directoryk', 'Laptop', 1, 'DELL', 'Latitude 5530', 'fundacion', 'sin ip conexión inalambrica', 'Intel Core i7-1255U', '16GB', 'SSD 1TB', 'Wwindows 10 Pro', 'TFN4M-W64W-YGTPT-GKQDG-VCFTG', '365', 'fundacionyk@yamankutxrlgt.onmicrosoft.com', 'ESET endpoint 12.1.2057.3', 'Si', 0, '', '0000-00-00 00:00:00', '0000-00-00 00:00:00'),
(279, 99, 1, 'Solicitado', '', 'Fundacion', 'Ivan Ingemar Choto Galan', 'Coordinador de Fundacion', 'Fundacion YK', 'coordinadoryk', 'Laptop', 1, 'DELL', 'Latitude 5530', 'fundacion', 'sin ip conexión inalambrica', 'Intel Core i7-1255U', '16GB', 'SSD 1TB', 'Wwindows 10 Pro', '7GWRV-N7WMJ-M2G2Q-RHX4B-43K86', '365', 'fundacionyk@yamankutxrlgt.onmicrosoft.com', 'ESET endpoint 12.1.2057.3', 'Si', 0, '', '0000-00-00 00:00:00', '0000-00-00 00:00:00'),
(280, 99, 1, 'Solicitado', 'PF5FCGZ6', 'Fundacion', 'Pendiente', 'Contador Fundacion', 'Contador Fundacion', 'fundacionyk', 'Laptop', 1, 'LENOVO', 'ThinkPad E16', 'Contador Fundacion', 'sin ip conexión inalambrica', 'Intel Core ulta 5 - 125U', '16GB', 'SSD 512 ', 'Windows 10 Pro 64 bits', 'pegado a la bios', '365', 'manuelcamposeco@yamankutxrl.com', 'ESET endpoint 12.1.2057.3', 'Si', 0, '', '0000-00-00 00:00:00', '0000-00-00 00:00:00'),
(281, 99, 1, '', 'PF5TZJVB', 'Supervisor', 'Edgar Guadalupe Montejo Hernández', 'Supervisor de Agencias', 'yk001sup004', 'supervisor#01', 'Laptop', 1, 'LENOVO', 'ThinkPad E16 gen3', 'YK001SUP004', 'sin ip conexión inalambrica', 'Intel Core Ultra 7 255H', '16GB', 'SSD 512', 'Windows 11 Pro 64 bits', 'pegado a la bios', '365', 'egmontejo@yamankutxrl.com', 'ESET endpoint 12.1.2057.3', 'Si', 1, '', '0000-00-00 00:00:00', '0000-00-00 00:00:00'),
(282, 99, 1, '', 'PF5TV478', 'Talento Humano', 'Charely Marycielo Montejo Delgado', 'Monitor SSO ', 'yk001sso001', 'Montejo#001', 'Laptop', 1, 'LENOVO', 'ThinkPad E16 gen3', 'YK001SSO001', 'sin ip conexión inalambrica', 'Intel Core Ultra 5 255H', '16GB', 'SSD 480', 'Windows 11 Pro 64 bits', 'pegado a la bios', '365', 'auxrrhh@yamankutxrl.com', 'ESET endpoint 12.1.2057.3', 'Si', 1, '', '0000-00-00 00:00:00', '0000-00-00 00:00:00'),
(283, 99, 1, '', '', 'Supervisor', 'Elean Josejuan Castillo Quiñonez', '', '', '', '', 1, '', '', '', '', '', '', '', '', '', '', '', '', 'Si', 0, '', '0000-00-00 00:00:00', '0000-00-00 00:00:00'),
(284, 99, 1, 'solicitado', 'K245', 'Negocios', 'Cristian de Jesús Ros Ros', 'Analista de Datos', 'yk001ada001', 'analista001', 'Laptop', 1, 'MSI', 'Katana A15', 'YK001ADA001', 'sin ip conexión inalambrica', 'ADM Ryzen 9 8945HS', '32 GB', '1 TB', 'Windows 11 Pro 64 bits', 'WPM36-NCQ37-84WV7-JF3XP-D69TT', '365', '', 'ESET endpoint 12.1.2057.3', 'Si', 0, '', '0000-00-00 00:00:00', '0000-00-00 00:00:00');

-- --------------------------------------------------------

--
-- Estructura de tabla para la tabla `migrations`
--

CREATE TABLE `migrations` (
  `id` int(10) UNSIGNED NOT NULL,
  `migration` varchar(255) NOT NULL,
  `batch` int(11) NOT NULL
) ENGINE=InnoDB DEFAULT CHARSET=utf8mb4 COLLATE=utf8mb4_unicode_ci;

--
-- Volcado de datos para la tabla `migrations`
--

INSERT INTO `migrations` (`id`, `migration`, `batch`) VALUES
(1, '2025_12_23_215605_create_agencias_table', 1),
(2, '2025_12_23_233413_create_categorias_table', 1),
(3, '2025_12_23_233415_create_inventarios_table', 1),
(4, '2025_12_23_233416_create_incidentes_table', 1);

--
-- Índices para tablas volcadas
--

--
-- Indices de la tabla `agencias`
--
ALTER TABLE `agencias`
  ADD PRIMARY KEY (`id`),
  ADD UNIQUE KEY `agencias_agencia_madre_id_unique` (`agencia_madre_id`);

--
-- Indices de la tabla `categorias`
--
ALTER TABLE `categorias`
  ADD PRIMARY KEY (`id`);

--
-- Indices de la tabla `incidentes`
--
ALTER TABLE `incidentes`
  ADD PRIMARY KEY (`id`),
  ADD KEY `incidentes_inventario_id_foreign` (`inventario_id`);

--
-- Indices de la tabla `inventarios`
--
ALTER TABLE `inventarios`
  ADD PRIMARY KEY (`id`),
  ADD KEY `inventarios_agencia_id_foreign` (`agencia_id`),
  ADD KEY `inventarios_categoria_id_foreign` (`categoria_id`);

--
-- Indices de la tabla `migrations`
--
ALTER TABLE `migrations`
  ADD PRIMARY KEY (`id`);

--
-- AUTO_INCREMENT de las tablas volcadas
--

--
-- AUTO_INCREMENT de la tabla `agencias`
--
ALTER TABLE `agencias`
  MODIFY `id` bigint(20) UNSIGNED NOT NULL AUTO_INCREMENT, AUTO_INCREMENT=100;

--
-- AUTO_INCREMENT de la tabla `categorias`
--
ALTER TABLE `categorias`
  MODIFY `id` bigint(20) UNSIGNED NOT NULL AUTO_INCREMENT, AUTO_INCREMENT=2;

--
-- AUTO_INCREMENT de la tabla `incidentes`
--
ALTER TABLE `incidentes`
  MODIFY `id` bigint(20) UNSIGNED NOT NULL AUTO_INCREMENT;

--
-- AUTO_INCREMENT de la tabla `inventarios`
--
ALTER TABLE `inventarios`
  MODIFY `id` bigint(20) UNSIGNED NOT NULL AUTO_INCREMENT, AUTO_INCREMENT=285;

--
-- AUTO_INCREMENT de la tabla `migrations`
--
ALTER TABLE `migrations`
  MODIFY `id` int(10) UNSIGNED NOT NULL AUTO_INCREMENT, AUTO_INCREMENT=5;

--
-- Restricciones para tablas volcadas
--

--
-- Filtros para la tabla `incidentes`
--
ALTER TABLE `incidentes`
  ADD CONSTRAINT `incidentes_inventario_id_foreign` FOREIGN KEY (`inventario_id`) REFERENCES `inventarios` (`id`) ON DELETE CASCADE;

--
-- Filtros para la tabla `inventarios`
--
ALTER TABLE `inventarios`
  ADD CONSTRAINT `inventarios_agencia_id_foreign` FOREIGN KEY (`agencia_id`) REFERENCES `agencias` (`id`) ON DELETE CASCADE,
  ADD CONSTRAINT `inventarios_categoria_id_foreign` FOREIGN KEY (`categoria_id`) REFERENCES `categorias` (`id`) ON DELETE SET NULL;
COMMIT;

/*!40101 SET CHARACTER_SET_CLIENT=@OLD_CHARACTER_SET_CLIENT */;
/*!40101 SET CHARACTER_SET_RESULTS=@OLD_CHARACTER_SET_RESULTS */;
/*!40101 SET COLLATION_CONNECTION=@OLD_COLLATION_CONNECTION */;
